b112411307,z,http://digitalbooks.brooklynpubliclibrary.org/ContentDetails.htm?ID=AC7F7BAB-FB41-4C1B-8342-852CA2D05309
b11241137x,z,http://digitalbooks.brooklynpubliclibrary.org/ContentDetails.htm?ID=1A5B49B9-AFF3-4832-B0DD-82D3235971A8
b112411393,z,http://digitalbooks.brooklynpubliclibrary.org/ContentDetails.htm?ID=2032FF59-5A6A-44ED-A610-99F1DDCE3238
b112411629,z,http://digitalbooks.brooklynpubliclibrary.org/ContentDetails.htm?ID=852191A1-AF96-41B3-B52F-8A056B547F8D
b112411939,z,http://digitalbooks.brooklynpubliclibrary.org/ContentDetails.htm?ID=E026A9F8-3B5C-46FF-8DC4-8307F876A975
b112415477,x,http://digitalbooks.brooklynpubliclibrary.org/ContentDetails.htm?ID=1D8639FB-821F-477C-9AD6-9405AB2D999B
b11241610x,x,http://digitalbooks.brooklynpubliclibrary.org/ContentDetails.htm?ID=807A0C3D-6070-4453-A154-C42ADD53AFEC
b112416111,x,http://digitalbooks.brooklynpubliclibrary.org/ContentDetails.htm?ID=47BD3255-59C0-4581-A2B8-78F703DD7874
b112416329,x,http://digitalbooks.brooklynpubliclibrary.org/ContentDetails.htm?ID=315CC2E7-28C0-4D39-ACE8-6AACA7D7781E
b112467064,z,http://digitalbooks.brooklynpubliclibrary.org/ContentDetails.htm?ID=1C0B9DC4-653A-49F7-9187-2176F6BA859D
b11258505x,x,http://digitalbooks.brooklynpubliclibrary.org/ContentDetails.htm?ID=9DF88866-1F1E-4C77-91DA-B5BD76359DC9
b112585309,x,http://digitalbooks.brooklynpubliclibrary.org/ContentDetails.htm?ID=8827DF57-736F-42EC-8A89-5E48FEAAB646
b112585310,x,http://digitalbooks.brooklynpubliclibrary.org/ContentDetails.htm?ID=52EDB6B5-B9F4-4486-9843-3F0499C890D2
b112585322,x,http://digitalbooks.brooklynpubliclibrary.org/ContentDetails.htm?ID=E2FB2D57-100E-49EB-BDEE-29C25C1315FC
b112883540,z,http://digitalbooks.brooklynpubliclibrary.org/ContentDetails.htm?ID=18A7738F-8A65-4990-BC3E-7CBEDE560484
b112883801,z,http://digitalbooks.brooklynpubliclibrary.org/ContentDetails.htm?ID=A480C1E2-8530-4202-A76F-93395F50F741
b112883825,z,http://digitalbooks.brooklynpubliclibrary.org/ContentDetails.htm?ID=D8600AE7-A668-42A0-BA86-FCCC0D962FFA
b112883850,z,http://digitalbooks.brooklynpubliclibrary.org/ContentDetails.htm?ID=BC2ADADD-4A5F-4EF5-A82D-D40F962A4250
b112883886,z,http://digitalbooks.brooklynpubliclibrary.org/ContentDetails.htm?ID=12046199-87E5-4294-A39B-7EFD846434E6
b112883977,z,http://digitalbooks.brooklynpubliclibrary.org/ContentDetails.htm?ID=E1404F45-E4CC-4DC6-B64B-D66EA18B7B77
b113026274,z,http://digitalbooks.brooklynpubliclibrary.org/ContentDetails.htm?ID=85B82F00-B8F6-4861-9B8B-72BBC0B97BD1
b113085151,z,http://digitalbooks.brooklynpubliclibrary.org/ContentDetails.htm?ID=6CB6D8BE-76F3-4558-AB61-05AF4EA79341
b113105617,x,http://digitalbooks.brooklynpubliclibrary.org/ContentDetails.htm?ID=4656D683-51B6-4A3E-B800-DDEE9CDEA6DC
b113445659,z,http://digitalbooks.brooklynpubliclibrary.org/ContentDetails.htm?ID=79659FB2-234A-4615-948E-844A100FC4FC
b113446421,z,http://digitalbooks.brooklynpubliclibrary.org/ContentDetails.htm?ID=C48FF08C-9569-4BF8-A4EE-559FFE035341
b113741492,v,http://digitalbooks.brooklynpubliclibrary.org/ContentDetails.htm?ID=52253896-730A-44F9-89B0-F954E7A1F5E7
b113741510,v,http://digitalbooks.brooklynpubliclibrary.org/ContentDetails.htm?ID=8067C4E8-8151-4A5A-985D-585C985F18EF
b113741583,v,http://digitalbooks.brooklynpubliclibrary.org/ContentDetails.htm?ID=FB6C311D-5A46-4D24-9967-C781082EEBE7
b113741595,v,http://digitalbooks.brooklynpubliclibrary.org/ContentDetails.htm?ID=750D745D-63AD-486F-96A6-8C0A7694DC96
b113741601,v,http://digitalbooks.brooklynpubliclibrary.org/ContentDetails.htm?ID=B648C5D0-28A0-4472-B197-75A7B2BEE23A
b113741613,v,http://digitalbooks.brooklynpubliclibrary.org/ContentDetails.htm?ID=CF7F3594-421A-4533-A62D-E6A996EFD6A7
b113741625,v,http://digitalbooks.brooklynpubliclibrary.org/ContentDetails.htm?ID=AA1BA745-8A21-4F52-B8DA-5D0FE809D903
b113741637,v,http://digitalbooks.brooklynpubliclibrary.org/ContentDetails.htm?ID=26B9FD85-7C2A-40BE-92BC-8CFB4FBF76E9
b113741649,v,http://digitalbooks.brooklynpubliclibrary.org/ContentDetails.htm?ID=B6B6ACD8-AB3C-4804-A2E8-434CE4833E8D
b113741650,v,http://digitalbooks.brooklynpubliclibrary.org/ContentDetails.htm?ID=D25E777F-6FBC-4B53-BBC0-59972340D25F
b113741662,v,http://digitalbooks.brooklynpubliclibrary.org/ContentDetails.htm?ID=1D37E1AA-A412-473F-BE74-5994ADA83C06
b113741674,v,http://digitalbooks.brooklynpubliclibrary.org/ContentDetails.htm?ID=AEA4DDBB-B512-4D0F-BC4B-905572F343DE
b113741686,v,http://digitalbooks.brooklynpubliclibrary.org/ContentDetails.htm?ID=86DE855F-97B6-4423-A680-10F30BC71698
b113741698,v,http://digitalbooks.brooklynpubliclibrary.org/ContentDetails.htm?ID=2C14BF46-C9F7-45B5-8D16-F03F0CCBEF9E
b113741704,v,http://digitalbooks.brooklynpubliclibrary.org/ContentDetails.htm?ID=392E1167-2BB6-402A-9DCE-7DD3BB9C58ED
b11374173x,v,http://digitalbooks.brooklynpubliclibrary.org/ContentDetails.htm?ID=23D22B6E-AAE1-408A-B453-EAF2477D8A1F
b113741741,v,http://digitalbooks.brooklynpubliclibrary.org/ContentDetails.htm?ID=882D5AA8-3C8F-424C-A8CB-24A47644B03A
b113741753,v,http://digitalbooks.brooklynpubliclibrary.org/ContentDetails.htm?ID=33AEAAB6-B15E-418E-AE5F-74D16E3C74E5
b113741765,v,http://digitalbooks.brooklynpubliclibrary.org/ContentDetails.htm?ID=0A02995B-FEB5-472A-8C17-33EAE6BDC6F9
b113741777,v,http://digitalbooks.brooklynpubliclibrary.org/ContentDetails.htm?ID=6BFDD9B1-7997-4298-92A4-E338325E026F
b113741789,v,http://digitalbooks.brooklynpubliclibrary.org/ContentDetails.htm?ID=DD86C482-7189-4CEF-9FA7-BD626C358362
b113741790,v,http://digitalbooks.brooklynpubliclibrary.org/ContentDetails.htm?ID=126495CF-B9DD-4046-93F1-F81C7B1F6120
b113741807,v,http://digitalbooks.brooklynpubliclibrary.org/ContentDetails.htm?ID=8E23E3D8-449B-432F-BA04-41A652BAD0F9
b113741819,v,http://digitalbooks.brooklynpubliclibrary.org/ContentDetails.htm?ID=A75779C7-7F76-41D1-BD14-A8FFA6081D28
b113741820,v,http://digitalbooks.brooklynpubliclibrary.org/ContentDetails.htm?ID=8E8F57D6-1735-4FCF-8D52-115D8DD34659
b113741832,v,http://digitalbooks.brooklynpubliclibrary.org/ContentDetails.htm?ID=36628B78-777C-4E1A-92F1-005CC84C8997
b113741844,v,http://digitalbooks.brooklynpubliclibrary.org/ContentDetails.htm?ID=3A7A9CC8-0858-4E39-A249-51E83B7B0FC0
b113741856,v,http://digitalbooks.brooklynpubliclibrary.org/ContentDetails.htm?ID=787AE4AF-6DC3-4C50-9FAF-331F18436566
b113741868,v,http://digitalbooks.brooklynpubliclibrary.org/ContentDetails.htm?ID=53844E20-2C26-45AB-B865-BD4735B3BAC1
b113753032,x,http://digitalbooks.brooklynpubliclibrary.org/ContentDetails.htm?ID=ABAB6621-5A94-4016-BE6C-B232B2F5FD8E
b113753652,v,http://digitalbooks.brooklynpubliclibrary.org/ContentDetails.htm?ID=843E64C7-2537-4FBF-9326-56BBEA5E22FD
b11375372x,v,http://digitalbooks.brooklynpubliclibrary.org/ContentDetails.htm?ID=63396C30-6D6D-428D-876E-3E9EB8430402
b113790144,z,http://digitalbooks.brooklynpubliclibrary.org/ContentDetails.htm?ID=5F3F7056-7E81-45AA-BB23-5216F96659F9
b113851212,x,http://digitalbooks.brooklynpubliclibrary.org/ContentDetails.htm?ID=89860A60-CC9F-4330-8786-C6E820DF60FB
b113885581,v,http://digitalbooks.brooklynpubliclibrary.org/ContentDetails.htm?ID=3A1604EF-BD08-4134-A692-4742F7B2262B
b11388560x,v,http://digitalbooks.brooklynpubliclibrary.org/ContentDetails.htm?ID=C9E318E0-39EF-4D26-BECB-8BD6301F727B
b113885635,v,http://digitalbooks.brooklynpubliclibrary.org/ContentDetails.htm?ID=271186F8-0481-4749-A8F9-5F15E3D1F4B8
b113885684,v,http://digitalbooks.brooklynpubliclibrary.org/ContentDetails.htm?ID=EF90E8A0-42B1-421C-9033-80EB201CBE89
b113972210,x,http://digitalbooks.brooklynpubliclibrary.org/ContentDetails.htm?ID=ACDF1EE7-A7D4-4862-9EB3-4D932CF5A8A8
b113972271,x,http://digitalbooks.brooklynpubliclibrary.org/ContentDetails.htm?ID=2C9A617D-289E-41CD-A93B-BE03D4C50D2C
b113973056,x,http://digitalbooks.brooklynpubliclibrary.org/ContentDetails.htm?ID=D7EECD6A-6C46-400E-A382-6E8F9D629D6E
b113973354,z,http://digitalbooks.brooklynpubliclibrary.org/ContentDetails.htm?ID=C0A524E4-F7A6-49E6-A934-DA25FF36A35A
b114150254,z,http://digitalbooks.brooklynpubliclibrary.org/ContentDetails.htm?ID=41B815E4-1E92-496D-85F9-9DDE5DA56381
b114150266,z,http://digitalbooks.brooklynpubliclibrary.org/ContentDetails.htm?ID=527FEE13-985A-482D-A316-73A48030569F
b114152275,v,http://digitalbooks.brooklynpubliclibrary.org/ContentDetails.htm?ID=FD556AB1-3E57-4532-9443-FBC46B72D934
b114153425,z,http://digitalbooks.brooklynpubliclibrary.org/ContentDetails.htm?ID=A69C9A9E-9B90-4305-8923-68415FAA8E00
b114182097,z,http://digitalbooks.brooklynpubliclibrary.org/ContentDetails.htm?ID=BF7AF905-A3C6-4159-A5B6-B525A96D1F03
b114182103,z,http://digitalbooks.brooklynpubliclibrary.org/ContentDetails.htm?ID=17C97F4F-2ADF-43D0-98F0-DA4FCB289758
b114264478,z,http://digitalbooks.brooklynpubliclibrary.org/ContentDetails.htm?ID=621EEDD5-CDDF-40D7-A43B-89FE770D65BF
b114381768,x,http://digitalbooks.brooklynpubliclibrary.org/ContentDetails.htm?ID=CD5D5624-A91C-44C8-8C97-BB163D285C63
b114755747,x,http://digitalbooks.brooklynpubliclibrary.org/ContentDetails.htm?ID=11FDA48B-46AD-43B9-A7E1-166C951FA81C
b114855638,z,http://digitalbooks.brooklynpubliclibrary.org/ContentDetails.htm?ID=389C5FE3-23E0-45C3-A9B5-36E44A4AA91D
b114855651,z,http://digitalbooks.brooklynpubliclibrary.org/ContentDetails.htm?ID=FC9815ED-91EE-4230-A013-E34667C40429
b11485595x,z,http://digitalbooks.brooklynpubliclibrary.org/ContentDetails.htm?ID=BDE76150-8CF0-4B1A-9E84-C88913AD73E9
b114856631,z,http://digitalbooks.brooklynpubliclibrary.org/ContentDetails.htm?ID=43EDF376-C5F5-4DD3-B163-C5C94EE7DF62
b114885096,z,http://digitalbooks.brooklynpubliclibrary.org/ContentDetails.htm?ID=BE4B12EB-92F4-4311-82B7-5C3DCE64416B
b11488514x,z,http://digitalbooks.brooklynpubliclibrary.org/ContentDetails.htm?ID=5EEE6BAF-ACBE-4A5D-A927-1A033B3196C2
b114893354,z,http://digitalbooks.brooklynpubliclibrary.org/ContentDetails.htm?ID=272FF23D-757F-4653-A97A-4E512D9E282F
b114989527,x,http://digitalbooks.brooklynpubliclibrary.org/ContentDetails.htm?ID=2076FE3E-B633-47AC-B1DA-96DFBD23C1DA
b114989631,z,http://digitalbooks.brooklynpubliclibrary.org/ContentDetails.htm?ID=C7886A88-05F0-4177-92F3-2495CA39F0A7
b114991042,z,http://digitalbooks.brooklynpubliclibrary.org/ContentDetails.htm?ID=9220CD7B-7CA8-4202-AF3A-620105706D98
b115033051,z,http://digitalbooks.brooklynpubliclibrary.org/ContentDetails.htm?ID=F961BF55-31E1-4AEE-AADE-7C86D17ECFFA
b115033555,z,http://digitalbooks.brooklynpubliclibrary.org/ContentDetails.htm?ID=B41431F2-95E6-4962-8C1B-43D07A3E209D
b115130664,x,http://digitalbooks.brooklynpubliclibrary.org/ContentDetails.htm?ID=A84FF691-FB3B-4B68-94DA-1976C19BA4D5
b115130792,x,http://digitalbooks.brooklynpubliclibrary.org/ContentDetails.htm?ID=0E45F99F-4CBF-4E1A-864A-52107EA6C9A9
b115132922,v,http://digitalbooks.brooklynpubliclibrary.org/ContentDetails.htm?ID=F7B1F35A-9050-4658-8506-AF2CBEE40033
b115134992,z,http://digitalbooks.brooklynpubliclibrary.org/ContentDetails.htm?ID=13055275-5BA4-4B8B-98BD-9CE6D13A4CE4
b115335663,x,http://digitalbooks.brooklynpubliclibrary.org/ContentDetails.htm?ID=A8A8879A-CDC1-41C7-BCD0-19D940C14327
b115345681,x,http://digitalbooks.brooklynpubliclibrary.org/ContentDetails.htm?ID=94DEFD1E-E5F6-4136-B207-51F9AF6A0000
b115347173,x,http://digitalbooks.brooklynpubliclibrary.org/ContentDetails.htm?ID=1E3774F8-AA2B-45FB-B61E-452AC0524641
b115347215,x,http://digitalbooks.brooklynpubliclibrary.org/ContentDetails.htm?ID=3D34B89F-1F87-4F27-8571-4600E22AC6C5
b11554995x,x,http://digitalbooks.brooklynpubliclibrary.org/ContentDetails.htm?ID=5F3AF35A-2EE5-4270-8167-73F9CD8C8C5B
b115554506,x,http://digitalbooks.brooklynpubliclibrary.org/ContentDetails.htm?ID=53EDB5F0-17AA-4904-9A16-EF62B0C392F0
b115560907,x,http://digitalbooks.brooklynpubliclibrary.org/ContentDetails.htm?ID=91C09DDF-C8B3-440D-A202-5E0DF2D5DF46
b115564020,z,http://digitalbooks.brooklynpubliclibrary.org/ContentDetails.htm?ID=70576F85-38D6-4800-A098-CC0D06DBBBE6
b115643382,x,http://digitalbooks.brooklynpubliclibrary.org/ContentDetails.htm?ID=0C41BA49-AF69-4838-8B44-6B0418DEAB83
b115644519,x,http://digitalbooks.brooklynpubliclibrary.org/ContentDetails.htm?ID=82BD1C33-F6A0-4C14-9B96-7C2E9094AF0A
b115768853,z,http://digitalbooks.brooklynpubliclibrary.org/ContentDetails.htm?ID=C12D365D-7EFB-44CE-A2F3-AD438AC4FD54
b115768877,z,http://digitalbooks.brooklynpubliclibrary.org/ContentDetails.htm?ID=532F13C9-5544-4417-B269-559B7E059577
b115789832,x,http://digitalbooks.brooklynpubliclibrary.org/ContentDetails.htm?ID=0432E9A2-5825-4E2F-8EAE-3371E54DA12E
b115806878,x,http://digitalbooks.brooklynpubliclibrary.org/ContentDetails.htm?ID=BA5DC725-646D-4F6D-8EF6-A89E8E8F648B
b115836032,x,http://digitalbooks.brooklynpubliclibrary.org/ContentDetails.htm?ID=E1A54BCD-AE8F-445A-96B0-FE2386704D46
b115837176,x,http://digitalbooks.brooklynpubliclibrary.org/ContentDetails.htm?ID=748D0ACE-C7C3-4E06-B055-79114927D33E
b11586460x,x,http://digitalbooks.brooklynpubliclibrary.org/ContentDetails.htm?ID=FEE214C2-E4CC-434F-B920-B00364179286
b11597152x,x,http://digitalbooks.brooklynpubliclibrary.org/ContentDetails.htm?ID=C2B0687B-53E8-4434-8127-83A72DA18D80
b115971622,x,http://digitalbooks.brooklynpubliclibrary.org/ContentDetails.htm?ID=B7602AF5-6224-406B-A4E9-5922DA9EF233
b115971634,x,http://digitalbooks.brooklynpubliclibrary.org/ContentDetails.htm?ID=57844706-20FA-4ACE-B5EE-3470B1B52173
b115971786,x,http://digitalbooks.brooklynpubliclibrary.org/ContentDetails.htm?ID=FB81E012-19AC-42B6-A4F5-FCB0E7A7829B
b115971804,x,http://digitalbooks.brooklynpubliclibrary.org/ContentDetails.htm?ID=DFDA6E54-C616-431D-89D2-0D3CA8CF5A46
b116001100,x,http://digitalbooks.brooklynpubliclibrary.org/ContentDetails.htm?ID=0F10A8B6-0276-4DD1-BA63-673B0093ADDB
b116001136,x,http://digitalbooks.brooklynpubliclibrary.org/ContentDetails.htm?ID=8F30D1E9-71C3-4088-AB1D-97B78E5C5DEC
b116081430,x,http://digitalbooks.brooklynpubliclibrary.org/ContentDetails.htm?ID=26ADC903-8061-4EFE-A2DE-CED2745D6AA0
b116092853,z,http://digitalbooks.brooklynpubliclibrary.org/ContentDetails.htm?ID=A3AD346B-6266-467C-80C7-CAC5DBD372BC
b116094928,z,http://digitalbooks.brooklynpubliclibrary.org/ContentDetails.htm?ID=DBFCAF8C-B346-4EB8-AC4C-DF96F6CE9F6D
b116094941,z,http://digitalbooks.brooklynpubliclibrary.org/ContentDetails.htm?ID=9721CC82-1108-4F1D-9E8B-471080D66E71
b116095064,z,http://digitalbooks.brooklynpubliclibrary.org/ContentDetails.htm?ID=66AA774B-8A00-4801-B634-A2C4E4FFD9BB
b116101672,x,http://digitalbooks.brooklynpubliclibrary.org/ContentDetails.htm?ID=FFB76226-3D02-4A38-A1D6-ACCC71C34488
b116257738,x,http://digitalbooks.brooklynpubliclibrary.org/ContentDetails.htm?ID=4C0678EF-0B33-43F9-B497-53535C1C9529
b116264159,x,http://digitalbooks.brooklynpubliclibrary.org/ContentDetails.htm?ID=20A20BEE-0FCD-4287-9F46-EDFD192B277D
b116311861,x,http://digitalbooks.brooklynpubliclibrary.org/ContentDetails.htm?ID=757F37FC-F5D3-46DC-AA20-4C25223DE77C
b116320187,z,http://digitalbooks.brooklynpubliclibrary.org/ContentDetails.htm?ID=0742AD78-F259-49E1-8932-A50F906240FC
b116357125,x,http://digitalbooks.brooklynpubliclibrary.org/ContentDetails.htm?ID=0C8E8486-F54A-4DF6-8B4F-076B03789B00
b116434302,x,http://digitalbooks.brooklynpubliclibrary.org/ContentDetails.htm?ID=AD8EBA67-5431-4399-B251-8FE4BA56FB2C
b116437996,x,http://digitalbooks.brooklynpubliclibrary.org/ContentDetails.htm?ID=B33944CC-76FA-4E12-96A9-00D1E8E4359D
b116447266,x,http://digitalbooks.brooklynpubliclibrary.org/ContentDetails.htm?ID=E3F57D29-A371-4AF7-880F-73FC639CCC41
b116532087,x,http://digitalbooks.brooklynpubliclibrary.org/ContentDetails.htm?ID=53B59146-6781-41CA-B630-316135F00D61
b116532105,x,http://digitalbooks.brooklynpubliclibrary.org/ContentDetails.htm?ID=8385B2D9-988E-4716-B7B6-96BE66C13998
b116536524,x,http://digitalbooks.brooklynpubliclibrary.org/ContentDetails.htm?ID=5ECAFFE8-9D74-49A1-98C0-CCB25E6577C9
b116554447,x,http://digitalbooks.brooklynpubliclibrary.org/ContentDetails.htm?ID=037A317F-1271-40D5-9557-B697E7A5E70F
b116603999,x,http://digitalbooks.brooklynpubliclibrary.org/ContentDetails.htm?ID=25350F49-5574-4321-BE11-64A3C4C53AFE
b116671142,x,http://digitalbooks.brooklynpubliclibrary.org/ContentDetails.htm?ID=A4777D24-CF7A-4A37-A862-C46AA53FC540
b116674817,x,http://digitalbooks.brooklynpubliclibrary.org/ContentDetails.htm?ID=8FF88C23-AF73-4F4F-BA5D-B60742DF6FEE
b116698779,x,http://digitalbooks.brooklynpubliclibrary.org/ContentDetails.htm?ID=037FF241-CB64-4046-8A2C-0F5F96A781B3
b116796881,x,http://digitalbooks.brooklynpubliclibrary.org/ContentDetails.htm?ID=79DA08D3-635A-45F3-939B-46A18D3FB451
b116824803,x,http://digitalbooks.brooklynpubliclibrary.org/ContentDetails.htm?ID=DDFB3CE7-A8A2-4DC9-A4C3-CD215DC650EB
b116825261,x,http://digitalbooks.brooklynpubliclibrary.org/ContentDetails.htm?ID=5BA6E725-1CA1-43B3-B01D-D6AB0F5C7C32
b116931395,x,http://digitalbooks.brooklynpubliclibrary.org/ContentDetails.htm?ID=2B075368-8E27-4D6C-ABE9-5F7CFFDD21B7
b116937026,x,http://digitalbooks.brooklynpubliclibrary.org/ContentDetails.htm?ID=80530BCD-2005-493F-9BB8-9199C440CBF9
b116937178,x,http://digitalbooks.brooklynpubliclibrary.org/ContentDetails.htm?ID=719AD8DE-223F-4D21-BB48-9F405859B548
b116960164,z,http://digitalbooks.brooklynpubliclibrary.org/ContentDetails.htm?ID=B271FD10-CB58-4910-A7A2-5DB82977DB1E
b116960176,z,http://digitalbooks.brooklynpubliclibrary.org/ContentDetails.htm?ID=CF54A43D-C3DF-4B2E-B970-78CDD69CBAE7
b116960188,z,http://digitalbooks.brooklynpubliclibrary.org/ContentDetails.htm?ID=936A19AC-95E5-41AE-AE9E-AA1263091E71
b11696019x,z,http://digitalbooks.brooklynpubliclibrary.org/ContentDetails.htm?ID=9C484607-1692-4DD2-8B0F-7DE5716F002A
b116960218,z,http://digitalbooks.brooklynpubliclibrary.org/ContentDetails.htm?ID=FCC349C6-31A1-40D2-81A3-8FA690022D34
b11696022x,z,http://digitalbooks.brooklynpubliclibrary.org/ContentDetails.htm?ID=7C52EA5D-806A-4331-AA6D-2183927C18E6
b116960231,z,http://digitalbooks.brooklynpubliclibrary.org/ContentDetails.htm?ID=8EB11135-2951-41C5-849B-0CF0476B94E4
b116960243,z,http://digitalbooks.brooklynpubliclibrary.org/ContentDetails.htm?ID=0D9E4294-AD3A-4EF3-95B8-113C15996BAA
b116960255,z,http://digitalbooks.brooklynpubliclibrary.org/ContentDetails.htm?ID=D6A003B1-7356-4728-8D79-A7F3EC17C033
b116960267,z,http://digitalbooks.brooklynpubliclibrary.org/ContentDetails.htm?ID=7CB229F4-FD7E-40B3-99F8-3296FD5250F2
b116960279,z,http://digitalbooks.brooklynpubliclibrary.org/ContentDetails.htm?ID=C4ACF344-9DA0-45C6-B872-09F6A8BB7F1A
b116960280,z,http://digitalbooks.brooklynpubliclibrary.org/ContentDetails.htm?ID=65467082-6F25-486F-9A7A-ACAA796EE028
b116960292,z,http://digitalbooks.brooklynpubliclibrary.org/ContentDetails.htm?ID=C48C31FD-056D-4A9A-A4A5-0EE7E0A55F5D
b116960309,z,http://digitalbooks.brooklynpubliclibrary.org/ContentDetails.htm?ID=ECC8D26C-3B63-495C-A689-EF256ED231CA
b116960310,z,http://digitalbooks.brooklynpubliclibrary.org/ContentDetails.htm?ID=CC939C11-AD05-4552-A2BE-70897F41921C
b116960334,z,http://digitalbooks.brooklynpubliclibrary.org/ContentDetails.htm?ID=45FB9320-BFC3-4A1C-8AAF-A8EBA4D99A3E
b116960358,z,http://digitalbooks.brooklynpubliclibrary.org/ContentDetails.htm?ID=B5E15A96-8E34-44BE-BE18-24A3D80678D1
b11696036x,z,http://digitalbooks.brooklynpubliclibrary.org/ContentDetails.htm?ID=54E16189-37B2-4A9A-892E-C5EA1EA15779
b116960401,z,http://digitalbooks.brooklynpubliclibrary.org/ContentDetails.htm?ID=7DD72020-D8A6-4078-A434-08CC16AA48A4
b116960413,z,http://digitalbooks.brooklynpubliclibrary.org/ContentDetails.htm?ID=870BD37E-AF8D-46D7-AB54-5CB5B2B5BA8A
b116960449,z,http://digitalbooks.brooklynpubliclibrary.org/ContentDetails.htm?ID=F969662F-CC71-42CB-8866-C5209D3EB12C
b116999305,x,http://digitalbooks.brooklynpubliclibrary.org/ContentDetails.htm?ID=CF8E2F8C-FA27-41AC-9759-805952C699BF
b117039111,x,http://digitalbooks.brooklynpubliclibrary.org/ContentDetails.htm?ID=779E395A-3A40-4FC4-934B-FC818C686E92
b117039275,x,http://digitalbooks.brooklynpubliclibrary.org/ContentDetails.htm?ID=BCC2446F-6FB2-4359-BCDB-33DF6C267A86
b117039494,x,http://digitalbooks.brooklynpubliclibrary.org/ContentDetails.htm?ID=80CF45BA-E917-4CE0-8D4A-916E52A81214
b117039706,x,http://digitalbooks.brooklynpubliclibrary.org/ContentDetails.htm?ID=F2E31AB4-C9A5-4408-9DA0-74E7A85EA250
b117040459,x,http://digitalbooks.brooklynpubliclibrary.org/ContentDetails.htm?ID=9BCD8EE1-0C83-438E-B02D-0F3F129945E2
b117041361,x,http://digitalbooks.brooklynpubliclibrary.org/ContentDetails.htm?ID=574FD3B1-61A8-4BB7-AD36-97C00EBB7D09
b117041695,x,http://digitalbooks.brooklynpubliclibrary.org/ContentDetails.htm?ID=E1352B8D-9FFB-4FF2-968F-42F4ABB81E57
b117042493,x,http://digitalbooks.brooklynpubliclibrary.org/ContentDetails.htm?ID=39B8D0E9-08EA-4CDE-B343-BC69599608C0
b117042584,x,http://digitalbooks.brooklynpubliclibrary.org/ContentDetails.htm?ID=D4CDFFFB-0262-4795-8A9E-1568CF69A9A6
b117042675,x,http://digitalbooks.brooklynpubliclibrary.org/ContentDetails.htm?ID=CBCCB26C-72DF-480B-BFBB-9AB3D2C77D5E
b117043473,x,http://digitalbooks.brooklynpubliclibrary.org/ContentDetails.htm?ID=F4F72398-654D-4DA5-9D56-E688ADF10796
b117065109,x,http://digitalbooks.brooklynpubliclibrary.org/ContentDetails.htm?ID=34D792C7-B7B7-4CEA-91BE-E7474342EE9D
b117088778,x,http://digitalbooks.brooklynpubliclibrary.org/ContentDetails.htm?ID=668428A6-BC00-451F-85AF-9065A60ED876
b117088833,x,http://digitalbooks.brooklynpubliclibrary.org/ContentDetails.htm?ID=EFE30612-98B1-4872-9101-5934520E270D
b117088857,x,http://digitalbooks.brooklynpubliclibrary.org/ContentDetails.htm?ID=22A37E30-6986-4229-A66E-7D4B1B9F6E08
b117088882,x,http://digitalbooks.brooklynpubliclibrary.org/ContentDetails.htm?ID=AF27689D-C59F-42C6-BC01-1D4A9C727743
b117088985,x,http://digitalbooks.brooklynpubliclibrary.org/ContentDetails.htm?ID=E7564193-1C74-4007-B977-85F524C54653
b117089047,x,http://digitalbooks.brooklynpubliclibrary.org/ContentDetails.htm?ID=8758B18E-34ED-402B-A99B-0F6221DD0233
b117089138,x,http://digitalbooks.brooklynpubliclibrary.org/ContentDetails.htm?ID=460ABCC7-7E5A-438B-BFFC-3A31AE873F5B
b117089266,x,http://digitalbooks.brooklynpubliclibrary.org/ContentDetails.htm?ID=0B87B2D4-1583-4EB1-BE8C-2A5767214748
b117089394,x,http://digitalbooks.brooklynpubliclibrary.org/ContentDetails.htm?ID=C2B79568-921C-47A2-B75B-4EEDEB23498A
b117089448,x,http://digitalbooks.brooklynpubliclibrary.org/ContentDetails.htm?ID=468CEEDB-4AF2-49F6-8F62-A564F3F26871
b117089709,x,http://digitalbooks.brooklynpubliclibrary.org/ContentDetails.htm?ID=5C2E4455-5A49-42C5-B926-D425DD878C06
b11708976x,x,http://digitalbooks.brooklynpubliclibrary.org/ContentDetails.htm?ID=08114838-E894-42E7-A012-8998C7CAF567
b117090116,x,http://digitalbooks.brooklynpubliclibrary.org/ContentDetails.htm?ID=7E439A17-B296-43CA-918E-0FA3AF5ECC74
b11709013x,x,http://digitalbooks.brooklynpubliclibrary.org/ContentDetails.htm?ID=44585161-B239-4C06-929A-92C5332179BA
b117090670,x,http://digitalbooks.brooklynpubliclibrary.org/ContentDetails.htm?ID=8EDA3355-DBAE-4960-8FE3-6762E53A967E
b117179772,x,http://digitalbooks.brooklynpubliclibrary.org/ContentDetails.htm?ID=B29D6EB9-D680-4755-84FC-A2785CADFC4C
b117179966,x,http://digitalbooks.brooklynpubliclibrary.org/ContentDetails.htm?ID=5500BC30-784B-4431-87F9-428BAAD479B3
b117180762,x,http://digitalbooks.brooklynpubliclibrary.org/ContentDetails.htm?ID=BF937CDA-82B7-4419-A08A-9728D925A617
b117180816,x,http://digitalbooks.brooklynpubliclibrary.org/ContentDetails.htm?ID=680A94B6-D914-41D2-A803-A3AD3FAE7407
b117180828,x,http://digitalbooks.brooklynpubliclibrary.org/ContentDetails.htm?ID=EE9A2811-5FEF-45B4-9CFC-3273EBFB0856
b11718083x,x,http://digitalbooks.brooklynpubliclibrary.org/ContentDetails.htm?ID=51E34E06-D371-4CAB-BBC6-7AA45BE13BE5
b117192636,x,http://digitalbooks.brooklynpubliclibrary.org/ContentDetails.htm?ID=6E0764CB-08C6-4B5E-83FF-D68BA0DEE7D1
b117192703,x,http://digitalbooks.brooklynpubliclibrary.org/ContentDetails.htm?ID=F73585CB-EF46-420E-8CC2-EEB1EF51A99E
b117192715,x,http://digitalbooks.brooklynpubliclibrary.org/ContentDetails.htm?ID=3E4FA7FF-7C10-41A9-9277-9D08ED8CB026
b117192740,x,http://digitalbooks.brooklynpubliclibrary.org/ContentDetails.htm?ID=8C2D1C37-0339-4849-AB89-F7D307581E96
b117192764,x,http://digitalbooks.brooklynpubliclibrary.org/ContentDetails.htm?ID=6E9E3CBF-A7AD-42E6-83A0-01D3DCB30E4F
b117192818,x,http://digitalbooks.brooklynpubliclibrary.org/ContentDetails.htm?ID=6FACBDFA-BEA0-4765-A644-8B35175AD5BC
b117192831,x,http://digitalbooks.brooklynpubliclibrary.org/ContentDetails.htm?ID=47ED88F9-D981-4CB6-BA8E-917B580C54B2
b117192922,x,http://digitalbooks.brooklynpubliclibrary.org/ContentDetails.htm?ID=85C2AFF0-124C-456B-B2ED-7CB829F0151C
b11721128x,x,http://digitalbooks.brooklynpubliclibrary.org/ContentDetails.htm?ID=E2888AA4-1BDE-4B35-A53C-D0E8B215A64C
b117211485,x,http://digitalbooks.brooklynpubliclibrary.org/ContentDetails.htm?ID=DBF817A8-BAD8-46F8-9CE2-375FC476F5A2
b117211503,x,http://digitalbooks.brooklynpubliclibrary.org/ContentDetails.htm?ID=BF0EEC92-654C-4929-9426-6E64C06950A8
b117212283,x,http://digitalbooks.brooklynpubliclibrary.org/ContentDetails.htm?ID=7E2F774C-8879-47BC-A2B7-65E4C3BBB939
b117213202,x,http://digitalbooks.brooklynpubliclibrary.org/ContentDetails.htm?ID=6ED29B83-686C-41C2-9CD7-EDBA97C11DE2
b117213615,x,http://digitalbooks.brooklynpubliclibrary.org/ContentDetails.htm?ID=08807DC4-4F3B-4090-AF81-6BCA254F8963
b117213718,x,http://digitalbooks.brooklynpubliclibrary.org/ContentDetails.htm?ID=1A946B41-95DB-4A73-9517-B6181F7D14DB
b117213895,x,http://digitalbooks.brooklynpubliclibrary.org/ContentDetails.htm?ID=AD3FDA6A-9563-41C2-AD7E-4F7B61E05EB6
b117214127,x,http://digitalbooks.brooklynpubliclibrary.org/ContentDetails.htm?ID=7C48E2A5-672F-4B0E-867F-3194DE410D11
b117214383,x,http://digitalbooks.brooklynpubliclibrary.org/ContentDetails.htm?ID=1480DA05-E0DA-41E7-B055-022DA8AB7D3E
b117215570,x,http://digitalbooks.brooklynpubliclibrary.org/ContentDetails.htm?ID=3DEB681B-F32D-4B6D-89DE-48F26A55D1A9
b117234461,x,http://digitalbooks.brooklynpubliclibrary.org/ContentDetails.htm?ID=23E1B24B-F9E2-4165-BF5F-E10CD31971A0
b117234540,x,http://digitalbooks.brooklynpubliclibrary.org/ContentDetails.htm?ID=493ADCE6-1FD1-4F58-AC00-6B6CBF07D433
b117234643,x,http://digitalbooks.brooklynpubliclibrary.org/ContentDetails.htm?ID=6DB7E235-09FD-4247-850A-DCEC8BB40E7F
b117235076,x,http://digitalbooks.brooklynpubliclibrary.org/ContentDetails.htm?ID=33AFB689-0D27-4395-9B0A-324B10C56ACD
b117235143,x,http://digitalbooks.brooklynpubliclibrary.org/ContentDetails.htm?ID=EA536E3D-79BD-4626-B15B-C1BABAC98BB9
b117235751,x,http://digitalbooks.brooklynpubliclibrary.org/ContentDetails.htm?ID=0BB8F8F1-0A91-407A-AE22-2218B194B183
b117296934,x,http://digitalbooks.brooklynpubliclibrary.org/ContentDetails.htm?ID=084E6129-DE25-41A8-AFEF-F330B7D46109
b117314365,x,http://digitalbooks.brooklynpubliclibrary.org/ContentDetails.htm?ID=B5573EAB-6BCD-474D-A622-90F5908C8D89
b117315850,x,http://digitalbooks.brooklynpubliclibrary.org/ContentDetails.htm?ID=2F755899-F51C-4F3C-ACEA-78D462B07B03
b117315874,x,http://digitalbooks.brooklynpubliclibrary.org/ContentDetails.htm?ID=1ACC5387-FD16-460F-87A3-3206C78BAA29
b117316027,x,http://digitalbooks.brooklynpubliclibrary.org/ContentDetails.htm?ID=06AE3A6C-75D0-4BFD-9BC1-9B3234FCF455
b117337808,x,http://digitalbooks.brooklynpubliclibrary.org/ContentDetails.htm?ID=DBDE23D6-2D51-452F-8081-D8021A9CEFE2
b11738933x,x,http://digitalbooks.brooklynpubliclibrary.org/ContentDetails.htm?ID=EC0B764C-CBE0-4198-8848-6978A2090BD3
b117389900,x,http://digitalbooks.brooklynpubliclibrary.org/ContentDetails.htm?ID=0999ADBB-B1C9-4392-80EC-9F7479A2F852
b117390288,x,http://digitalbooks.brooklynpubliclibrary.org/ContentDetails.htm?ID=B6135554-D003-4704-B502-743F48921240
b117482225,x,http://digitalbooks.brooklynpubliclibrary.org/ContentDetails.htm?ID=E302AB77-6D61-4DCE-B982-9F40C866E01F
b11748250x,x,http://digitalbooks.brooklynpubliclibrary.org/ContentDetails.htm?ID=5F0F2D7C-9FDA-4294-A894-DB9489049596
b117482808,x,http://digitalbooks.brooklynpubliclibrary.org/ContentDetails.htm?ID=4F9EE348-C7E1-45E3-AA41-40DC78E0D787
b117482936,x,http://digitalbooks.brooklynpubliclibrary.org/ContentDetails.htm?ID=A6591DC5-5566-4A5A-A337-BB99977A8673
b117483102,x,http://digitalbooks.brooklynpubliclibrary.org/ContentDetails.htm?ID=1A4C5E70-864C-4A4D-BC1C-900DE0116B37
b117483163,x,http://digitalbooks.brooklynpubliclibrary.org/ContentDetails.htm?ID=FA3D38C8-8481-4049-B6A1-E4F3AD3ADD45
b117483953,x,http://digitalbooks.brooklynpubliclibrary.org/ContentDetails.htm?ID=45CD9327-AD59-4DC9-9E4C-CBC1501E37C4
b117483990,x,http://digitalbooks.brooklynpubliclibrary.org/ContentDetails.htm?ID=3C63C248-94BC-4002-85FB-262D3742403A
b117484532,x,http://digitalbooks.brooklynpubliclibrary.org/ContentDetails.htm?ID=AD978FC4-2AC8-4986-83DD-5D2B1638C00A
b11748457x,x,http://digitalbooks.brooklynpubliclibrary.org/ContentDetails.htm?ID=D9564B96-C2C5-48DA-BDCE-9E8AE4599334
b117484593,x,http://digitalbooks.brooklynpubliclibrary.org/ContentDetails.htm?ID=6F3943D3-EE22-48C8-942A-0C708EDB0738
b117484775,x,http://digitalbooks.brooklynpubliclibrary.org/ContentDetails.htm?ID=0797403B-CE0D-4C9D-B042-D18935A4884E
b117484787,x,http://digitalbooks.brooklynpubliclibrary.org/ContentDetails.htm?ID=8001B03F-0668-44CD-96B9-50153AAFD449
b117484908,x,http://digitalbooks.brooklynpubliclibrary.org/ContentDetails.htm?ID=25281195-D488-422D-B528-1745C3690142
b11748782x,x,http://digitalbooks.brooklynpubliclibrary.org/ContentDetails.htm?ID=44B9213F-C26F-4716-BF0C-0DCDA8E8448D
b117489712,x,http://digitalbooks.brooklynpubliclibrary.org/ContentDetails.htm?ID=A126AD59-2EC1-4F27-9A3D-4DF35A641364
b117511845,x,http://digitalbooks.brooklynpubliclibrary.org/ContentDetails.htm?ID=393C8EE9-034E-4BD1-B4C2-513762534396
b117511882,x,http://digitalbooks.brooklynpubliclibrary.org/ContentDetails.htm?ID=2AB53764-06B2-451D-B428-24765BB082B9
b117511997,x,http://digitalbooks.brooklynpubliclibrary.org/ContentDetails.htm?ID=C5FB7AB8-09C8-446F-8F05-045BAD611F51
b117512035,x,http://digitalbooks.brooklynpubliclibrary.org/ContentDetails.htm?ID=713808B0-1795-47B4-9794-39153F44584D
b117512229,x,http://digitalbooks.brooklynpubliclibrary.org/ContentDetails.htm?ID=C6C369D8-5F9C-4C5C-AE6A-9F5B16B2ED87
b117512254,x,http://digitalbooks.brooklynpubliclibrary.org/ContentDetails.htm?ID=4F46DCA0-165F-41AA-90FA-26D575DE71DF
b117534584,x,http://digitalbooks.brooklynpubliclibrary.org/ContentDetails.htm?ID=5759868C-8963-41FD-A5DE-719C24B3C71C
b117535564,x,http://digitalbooks.brooklynpubliclibrary.org/ContentDetails.htm?ID=5AD2E7E7-5103-46EE-A568-6CDD7D2E1729
b117535667,x,http://digitalbooks.brooklynpubliclibrary.org/ContentDetails.htm?ID=D7B157C7-029B-437B-8448-59C3C331ACCB
b117535679,x,http://digitalbooks.brooklynpubliclibrary.org/ContentDetails.htm?ID=400869AE-782D-460A-91F7-1B023E51F5D0
b117535874,x,http://digitalbooks.brooklynpubliclibrary.org/ContentDetails.htm?ID=294F525F-C077-44A3-9BDF-89B1F19E7157
b117536179,x,http://digitalbooks.brooklynpubliclibrary.org/ContentDetails.htm?ID=96D84EBA-9A7E-4E80-95D2-2896B580F4FC
b117536210,x,http://digitalbooks.brooklynpubliclibrary.org/ContentDetails.htm?ID=E08C7AC8-A47E-4E97-B4E0-03916EA87CF6
b117536234,x,http://digitalbooks.brooklynpubliclibrary.org/ContentDetails.htm?ID=0F0A377E-8D6D-45C0-A00D-B81795EDCA20
b11753626x,x,http://digitalbooks.brooklynpubliclibrary.org/ContentDetails.htm?ID=7467F853-0A09-4FE0-8B37-7F0CE2849FE1
b117536362,x,http://digitalbooks.brooklynpubliclibrary.org/ContentDetails.htm?ID=4F892911-18CD-4BE8-8F5C-787781B851D8
b11753660x,x,http://digitalbooks.brooklynpubliclibrary.org/ContentDetails.htm?ID=5CD97B17-D1BB-4534-8D38-E392C2E8AEF2
b117536696,x,http://digitalbooks.brooklynpubliclibrary.org/ContentDetails.htm?ID=5E02B1F9-7868-4171-A92F-E8DD5A72456C
b117536830,x,http://digitalbooks.brooklynpubliclibrary.org/ContentDetails.htm?ID=380784F0-6B50-46F6-A869-68D314562818
b117539223,x,http://digitalbooks.brooklynpubliclibrary.org/ContentDetails.htm?ID=1A2DF333-7036-40CB-9627-2524242933E3
b117563675,x,http://digitalbooks.brooklynpubliclibrary.org/ContentDetails.htm?ID=A7123AFC-49DA-4225-BD8D-70FFF68DC569
b117572597,x,http://digitalbooks.brooklynpubliclibrary.org/ContentDetails.htm?ID=5A926106-4807-4A69-BD7A-0C64822C7945
b117587333,x,http://digitalbooks.brooklynpubliclibrary.org/ContentDetails.htm?ID=19C7C261-B05C-4991-A709-5C853F40B833
b117588039,x,http://digitalbooks.brooklynpubliclibrary.org/ContentDetails.htm?ID=7E9CE498-72E1-486A-BC9C-707A0ABCCFDD
b117588040,x,http://digitalbooks.brooklynpubliclibrary.org/ContentDetails.htm?ID=AD3ABA5F-2D92-4F68-B4C4-29647264C303
b117608877,x,http://digitalbooks.brooklynpubliclibrary.org/ContentDetails.htm?ID=62DF53FC-E9DC-4751-A2C9-EA68A6EA921F
b117609201,x,http://digitalbooks.brooklynpubliclibrary.org/ContentDetails.htm?ID=E55A48F0-6557-499D-A578-740D4F151996
b117623908,x,http://digitalbooks.brooklynpubliclibrary.org/ContentDetails.htm?ID=9658AD4C-C3BB-4AAA-8C97-0576918DC488
b11762469x,x,http://digitalbooks.brooklynpubliclibrary.org/ContentDetails.htm?ID=7B3EE248-4A5D-42D2-B3E4-278E5AD976B0
b117624779,x,http://digitalbooks.brooklynpubliclibrary.org/ContentDetails.htm?ID=EFADC017-B7EE-4E49-8DB0-84AE590A09FC
b117625097,x,http://digitalbooks.brooklynpubliclibrary.org/ContentDetails.htm?ID=60914670-BCC7-4104-BB0C-190AA566B338
b117626673,x,http://digitalbooks.brooklynpubliclibrary.org/ContentDetails.htm?ID=68AAE570-A01A-4EC1-82F0-9D1A5CD1CECC
b117639710,x,http://digitalbooks.brooklynpubliclibrary.org/ContentDetails.htm?ID=AACA4550-25F1-4F62-AE61-B768904F3FC9
b117639722,x,http://digitalbooks.brooklynpubliclibrary.org/ContentDetails.htm?ID=E201D8B6-9FE9-4274-8872-C50AEA59B6C9
b117639758,x,http://digitalbooks.brooklynpubliclibrary.org/ContentDetails.htm?ID=CDF5252C-F8D2-4ED0-8305-AC0E59607AF2
b11763976x,x,http://digitalbooks.brooklynpubliclibrary.org/ContentDetails.htm?ID=1E92BAC7-0DD1-4D3B-98D4-28B306F4539F
b117639801,x,http://digitalbooks.brooklynpubliclibrary.org/ContentDetails.htm?ID=6080B7EB-B0E3-4F12-8D2F-1013E1B81426
b117640141,x,http://digitalbooks.brooklynpubliclibrary.org/ContentDetails.htm?ID=C9DA0D06-1B0A-4F2D-94DD-8339952AAD32
b117640967,x,http://digitalbooks.brooklynpubliclibrary.org/ContentDetails.htm?ID=1E35B97F-97D4-46C4-80F1-768E72250FC2
b117641042,x,http://digitalbooks.brooklynpubliclibrary.org/ContentDetails.htm?ID=BE2F2495-7F02-4700-A359-2DA67BAAA084
b117641212,x,http://digitalbooks.brooklynpubliclibrary.org/ContentDetails.htm?ID=DA1F84B6-4037-4B2E-8888-500A63436889
b117642216,x,http://digitalbooks.brooklynpubliclibrary.org/ContentDetails.htm?ID=200F54A2-9FA8-45CA-9415-09DDEFD4712A
b117657554,x,http://digitalbooks.brooklynpubliclibrary.org/ContentDetails.htm?ID=235672DA-21FA-42AF-8393-AD145581EB05
b117657785,x,http://digitalbooks.brooklynpubliclibrary.org/ContentDetails.htm?ID=E4FF1552-E37C-42A1-8798-49B331E78411
b117680606,x,http://digitalbooks.brooklynpubliclibrary.org/ContentDetails.htm?ID=6A680A8E-3623-4E47-A98B-3DA2612AFD7F
b11768241x,x,http://digitalbooks.brooklynpubliclibrary.org/ContentDetails.htm?ID=9DBEA3DE-50F0-496E-A45B-584D5C6AF4CB
b11771897x,x,http://digitalbooks.brooklynpubliclibrary.org/ContentDetails.htm?ID=4C95369E-A9E7-42B4-B03B-BD71BE3C869D
b117719201,x,http://digitalbooks.brooklynpubliclibrary.org/ContentDetails.htm?ID=AEE64EE9-3DA0-4D66-AFF6-ED84042CFF7F
b117719341,x,http://digitalbooks.brooklynpubliclibrary.org/ContentDetails.htm?ID=35638D86-01D8-4803-AD4D-3708D8E13B05
b117719419,x,http://digitalbooks.brooklynpubliclibrary.org/ContentDetails.htm?ID=9B3F74FD-44D9-4E44-BCFD-CFC48A6E18D7
b117719559,x,http://digitalbooks.brooklynpubliclibrary.org/ContentDetails.htm?ID=77E29C9D-777A-4854-BD18-2129B1687966
b117719699,x,http://digitalbooks.brooklynpubliclibrary.org/ContentDetails.htm?ID=CAE3B02C-0683-45BD-B9E6-DFDF65AC1E15
b117719754,x,http://digitalbooks.brooklynpubliclibrary.org/ContentDetails.htm?ID=A9E27A35-61E6-46C4-A6C3-65B662B58516
b117728251,x,http://digitalbooks.brooklynpubliclibrary.org/ContentDetails.htm?ID=98FADAFF-5A8C-43F8-9A6A-A71CEAFB8525
b117748602,x,http://digitalbooks.brooklynpubliclibrary.org/ContentDetails.htm?ID=A2DDF0C8-7267-4C45-BA51-7C46C3651B82
b117765636,x,http://digitalbooks.brooklynpubliclibrary.org/ContentDetails.htm?ID=CEFF4C01-915C-4794-8AF2-DBF19F75BB93
b117765703,x,http://digitalbooks.brooklynpubliclibrary.org/ContentDetails.htm?ID=76E4F3B2-F671-4C1B-8E4C-F31638B05A79
b117780959,z,http://digitalbooks.brooklynpubliclibrary.org/ContentDetails.htm?ID=8FCC1627-05B6-4E21-A8F5-CB8F3190D5D4
b117789501,x,http://digitalbooks.brooklynpubliclibrary.org/ContentDetails.htm?ID=4396DE6F-9B5B-44E6-9DA6-9AB348B70DF4
b117798587,x,http://digitalbooks.brooklynpubliclibrary.org/ContentDetails.htm?ID=D0FAE1F1-C232-4A27-8E5E-D369DFD2B74F
b117798642,x,http://digitalbooks.brooklynpubliclibrary.org/ContentDetails.htm?ID=DA905161-FBD2-427C-ABE0-C80B3C71B0E7
b117846259,x,http://digitalbooks.brooklynpubliclibrary.org/ContentDetails.htm?ID=2B10CAC7-B8D8-48F6-9EE1-BDAFEC8E0929
b117846818,x,http://digitalbooks.brooklynpubliclibrary.org/ContentDetails.htm?ID=7E196FFB-2B4D-4B92-B477-A548C7BF5E38
b117875053,x,http://digitalbooks.brooklynpubliclibrary.org/ContentDetails.htm?ID=129D94C2-EFB7-4BD6-8394-ADBF20BF2F62
b117876860,x,http://digitalbooks.brooklynpubliclibrary.org/ContentDetails.htm?ID=709E3921-D683-43B8-90C7-EAFC3335037F
b117878030,x,http://digitalbooks.brooklynpubliclibrary.org/ContentDetails.htm?ID=8A07CD02-1992-4AFD-BF8B-49B0CDC6495B
b117878868,x,http://digitalbooks.brooklynpubliclibrary.org/ContentDetails.htm?ID=30494F9B-5BB6-42DA-AF3F-29DE8F59ACA2
b117885575,x,http://digitalbooks.brooklynpubliclibrary.org/ContentDetails.htm?ID=A526B086-0B31-4C1F-99FE-628D2E694C3C
b117890777,x,http://digitalbooks.brooklynpubliclibrary.org/ContentDetails.htm?ID=F19D3738-D434-4B11-AF29-FDA37D432465
b117892154,x,http://digitalbooks.brooklynpubliclibrary.org/ContentDetails.htm?ID=C063080A-DD01-4141-B6B7-19A09259D216
b117892270,x,http://digitalbooks.brooklynpubliclibrary.org/ContentDetails.htm?ID=D5478148-2D19-4DAE-839B-A9C870485BCE
b117892282,x,http://digitalbooks.brooklynpubliclibrary.org/ContentDetails.htm?ID=D5BC586E-432C-43EF-931E-48C7C31057FF
b117918349,x,http://digitalbooks.brooklynpubliclibrary.org/ContentDetails.htm?ID=355B767B-57BE-42FF-9415-B301D0AF94FE
b117918593,x,http://digitalbooks.brooklynpubliclibrary.org/ContentDetails.htm?ID=5AB5A2DC-2C4E-45BC-81F6-3F2A1E6C6F7C
b117919081,x,http://digitalbooks.brooklynpubliclibrary.org/ContentDetails.htm?ID=5BA7853A-720E-4C6B-B783-FF1638BC4032
b117919561,x,http://digitalbooks.brooklynpubliclibrary.org/ContentDetails.htm?ID=50B22307-3D6D-4A07-B945-624CA82659F9
b117919603,x,http://digitalbooks.brooklynpubliclibrary.org/ContentDetails.htm?ID=C01F99AB-91EF-4C60-82D5-843A06EEDD7A
b117920071,x,http://digitalbooks.brooklynpubliclibrary.org/ContentDetails.htm?ID=143EB9D5-2670-4115-9287-ABA4E7D4ED76
b117921580,x,http://digitalbooks.brooklynpubliclibrary.org/ContentDetails.htm?ID=57D585A5-4DBC-4918-87B9-84E23A4F60EB
b117923825,x,http://digitalbooks.brooklynpubliclibrary.org/ContentDetails.htm?ID=3B1DD322-4146-49B5-AAB3-E2EAEC43F202
b117924027,x,http://digitalbooks.brooklynpubliclibrary.org/ContentDetails.htm?ID=55617199-0005-4EA9-9B8E-837C8C852EFC
b11792569x,x,http://digitalbooks.brooklynpubliclibrary.org/ContentDetails.htm?ID=BB79EE51-E8CA-4BF6-A6B9-F818150512F7
b117926899,x,http://digitalbooks.brooklynpubliclibrary.org/ContentDetails.htm?ID=9ECD7A98-45DD-4C38-BE16-25D8B8C6B2EE
b117928768,x,http://digitalbooks.brooklynpubliclibrary.org/ContentDetails.htm?ID=4CF2F7AC-0B33-486B-9F15-194B2EA9EDCD
b117929037,x,http://digitalbooks.brooklynpubliclibrary.org/ContentDetails.htm?ID=78F6A815-AAAC-4253-9FA4-CFA32448C662
b117929141,x,http://digitalbooks.brooklynpubliclibrary.org/ContentDetails.htm?ID=9131F781-FC9C-4CB4-9E6F-4A1C8C86EC4D
b117929347,x,http://digitalbooks.brooklynpubliclibrary.org/ContentDetails.htm?ID=C42B4D82-734B-4789-ADFD-7E2C4F7B2AA9
b117929840,x,http://digitalbooks.brooklynpubliclibrary.org/ContentDetails.htm?ID=44212E09-DE64-47E7-837B-4DA89401495F
b117930015,x,http://digitalbooks.brooklynpubliclibrary.org/ContentDetails.htm?ID=688A7F82-13D7-4510-9E03-EBC8B0560774
b117931299,x,http://digitalbooks.brooklynpubliclibrary.org/ContentDetails.htm?ID=3B946859-6C2F-4F5F-97C4-7C4C3BF86873
b117932917,x,http://digitalbooks.brooklynpubliclibrary.org/ContentDetails.htm?ID=9BA71C73-D57F-44DC-A4BA-95A603EFC75F
b117933120,x,http://digitalbooks.brooklynpubliclibrary.org/ContentDetails.htm?ID=D232894D-51FD-42C8-819C-44C619AF5867
b117934331,x,http://digitalbooks.brooklynpubliclibrary.org/ContentDetails.htm?ID=E40694ED-7400-47FF-82BF-B61EA476A88C
b117934550,x,http://digitalbooks.brooklynpubliclibrary.org/ContentDetails.htm?ID=1A6A7D9F-089E-44F5-9FEB-761247A87285
b117947398,x,http://digitalbooks.brooklynpubliclibrary.org/ContentDetails.htm?ID=3BF90228-F0D8-4FAB-A53F-C08977F61BFB
b117985168,x,http://digitalbooks.brooklynpubliclibrary.org/ContentDetails.htm?ID=037FCF26-FA29-4BD1-A32A-12817373CD63
b117988054,x,http://digitalbooks.brooklynpubliclibrary.org/ContentDetails.htm?ID=ED41A770-A88D-435C-8663-112F93624BFF
b117988698,x,http://digitalbooks.brooklynpubliclibrary.org/ContentDetails.htm?ID=EDCC4731-BBDB-47BA-8CA5-1D30C257E3EF
b117988856,x,http://digitalbooks.brooklynpubliclibrary.org/ContentDetails.htm?ID=A07B2432-8184-47E9-9069-1D47CBE29318
b117988959,x,http://digitalbooks.brooklynpubliclibrary.org/ContentDetails.htm?ID=7990AE71-2554-4BF9-839B-902C15BD4FF6
b117989952,x,http://digitalbooks.brooklynpubliclibrary.org/ContentDetails.htm?ID=EDBF867C-3829-4726-AE0B-09E21276245F
b117990127,x,http://digitalbooks.brooklynpubliclibrary.org/ContentDetails.htm?ID=2D476CE8-5A49-434A-B4A4-91742BCBAE77
b117990772,x,http://digitalbooks.brooklynpubliclibrary.org/ContentDetails.htm?ID=7060385A-0826-489A-A724-321FFC931A0F
b117990929,x,http://digitalbooks.brooklynpubliclibrary.org/ContentDetails.htm?ID=F1285E7A-4620-4302-83A6-C7153AC9EC85
b117992495,x,http://digitalbooks.brooklynpubliclibrary.org/ContentDetails.htm?ID=B416C6E1-E6B3-40CB-B6F1-0536EC62A457
b117993372,x,http://digitalbooks.brooklynpubliclibrary.org/ContentDetails.htm?ID=B55040FF-A0CA-415B-96C8-87997A032DD2
b117994509,x,http://digitalbooks.brooklynpubliclibrary.org/ContentDetails.htm?ID=539051CD-8F94-408A-9E07-0CE9376C3B1F
b11799487x,x,http://digitalbooks.brooklynpubliclibrary.org/ContentDetails.htm?ID=9A03DF9B-2F6A-4C90-91CA-4B5C88D697B6
b117995368,x,http://digitalbooks.brooklynpubliclibrary.org/ContentDetails.htm?ID=E9438CB3-C338-45AE-9C71-F010D460E46E
b117998230,x,http://digitalbooks.brooklynpubliclibrary.org/ContentDetails.htm?ID=32A2CAF3-D115-4651-8F6D-2BC09CEA7EAF
b117998448,x,http://digitalbooks.brooklynpubliclibrary.org/ContentDetails.htm?ID=BF18B287-7512-46C2-AB8E-262C9E1FDEFF
b117998503,x,http://digitalbooks.brooklynpubliclibrary.org/ContentDetails.htm?ID=33D1F4EF-EACA-4CF1-9EDA-4BB654801FEF
b117999623,x,http://digitalbooks.brooklynpubliclibrary.org/ContentDetails.htm?ID=A80C59F3-5E4A-488E-AFF2-D92199241F8E
b117999817,x,http://digitalbooks.brooklynpubliclibrary.org/ContentDetails.htm?ID=D1F7ABEF-50E0-48A1-81CE-298ADE40E8D9
b118000421,x,http://digitalbooks.brooklynpubliclibrary.org/ContentDetails.htm?ID=DA88C178-D6AF-43D1-925A-A98C5EEA01D5
b118000652,x,http://digitalbooks.brooklynpubliclibrary.org/ContentDetails.htm?ID=EC0A7481-A0C8-4A91-B40A-198CCFECB61A
b118000846,x,http://digitalbooks.brooklynpubliclibrary.org/ContentDetails.htm?ID=CB8424FB-E007-4786-9C83-6591407BCAA2
b118000962,x,http://digitalbooks.brooklynpubliclibrary.org/ContentDetails.htm?ID=81163042-4E1B-4C17-BB0F-A4F217073BB2
b118001553,x,http://digitalbooks.brooklynpubliclibrary.org/ContentDetails.htm?ID=1010736B-037A-4536-8062-B8EF955C81C6
b118001760,x,http://digitalbooks.brooklynpubliclibrary.org/ContentDetails.htm?ID=8106E32C-657A-4747-BE35-E21E0801D9B6
b118003513,x,http://digitalbooks.brooklynpubliclibrary.org/ContentDetails.htm?ID=A48FDD63-80E5-4DCE-8BE3-27CA78F046FE
b118004001,x,http://digitalbooks.brooklynpubliclibrary.org/ContentDetails.htm?ID=A94EF90F-C54E-4371-9E50-00A4F26874F8
b118004505,x,http://digitalbooks.brooklynpubliclibrary.org/ContentDetails.htm?ID=59435737-4FF4-4990-9C7A-7E691D1AE47B
b118004839,x,http://digitalbooks.brooklynpubliclibrary.org/ContentDetails.htm?ID=7DADBA62-FFEE-41D5-B6A4-8387883F7903
b118005042,x,http://digitalbooks.brooklynpubliclibrary.org/ContentDetails.htm?ID=56E185D2-C6B7-4EA5-8B4D-568ECBB79571
b118005133,x,http://digitalbooks.brooklynpubliclibrary.org/ContentDetails.htm?ID=1086792B-0F7F-4E10-B704-2DD5A660FCF4
b118005613,x,http://digitalbooks.brooklynpubliclibrary.org/ContentDetails.htm?ID=1E06B40A-930F-43FA-BA3A-ABE8E527E9AA
b118005959,x,http://digitalbooks.brooklynpubliclibrary.org/ContentDetails.htm?ID=79EBA568-1631-4791-819E-6601305D7AD9
b118006927,x,http://digitalbooks.brooklynpubliclibrary.org/ContentDetails.htm?ID=3BDBDABE-25F2-48A5-876E-8AA6D7C10144
b118017081,x,http://digitalbooks.brooklynpubliclibrary.org/ContentDetails.htm?ID=EE35FC74-71E2-4304-855B-4801A3CD0FB1
b118017159,x,http://digitalbooks.brooklynpubliclibrary.org/ContentDetails.htm?ID=2BCDEF5A-7462-4879-B669-486EE306F655
b118017263,x,http://digitalbooks.brooklynpubliclibrary.org/ContentDetails.htm?ID=7DE6DF95-1B46-4F80-957B-9B7AD1FE455E
b118017469,x,http://digitalbooks.brooklynpubliclibrary.org/ContentDetails.htm?ID=115FD8B5-16CF-4477-A8A2-DA44406B31A2
b118017871,x,http://digitalbooks.brooklynpubliclibrary.org/ContentDetails.htm?ID=3C5375A0-106D-450E-A629-3E3E9B880876
b118027293,z,http://digitalbooks.brooklynpubliclibrary.org/ContentDetails.htm?ID=FAF008C3-CD02-45DF-A6BA-A06CB43A8878
b118029319,x,http://digitalbooks.brooklynpubliclibrary.org/ContentDetails.htm?ID=A52C4A12-4235-4BD5-9D4F-D55DD36C1626
b118029617,x,http://digitalbooks.brooklynpubliclibrary.org/ContentDetails.htm?ID=CE0CC3D0-2AA7-4992-906E-671B3A33B349
b118030401,x,http://digitalbooks.brooklynpubliclibrary.org/ContentDetails.htm?ID=DE3675E1-AE31-4C77-94E8-0BD469B398DB
b118030565,x,http://digitalbooks.brooklynpubliclibrary.org/ContentDetails.htm?ID=DBB69428-91E2-43C7-98DD-CBC899BB1E89
b118033153,x,http://digitalbooks.brooklynpubliclibrary.org/ContentDetails.htm?ID=96AA98E0-56E0-417F-BBBB-F3C27584602B
b118033293,x,http://digitalbooks.brooklynpubliclibrary.org/ContentDetails.htm?ID=8528F6DA-832E-46CB-B908-430F3F5B6327
b118033475,x,http://digitalbooks.brooklynpubliclibrary.org/ContentDetails.htm?ID=D032BAF9-1542-4AD3-8F6A-A80BEB47A585
b118089080,z,http://digitalbooks.brooklynpubliclibrary.org/ContentDetails.htm?ID=20312B4E-51E0-45F1-8DE1-9B4D47B81E9D
b118097131,x,http://digitalbooks.brooklynpubliclibrary.org/ContentDetails.htm?ID=7ED0A741-227E-4934-8207-E5726E5902C5
b118097763,x,http://digitalbooks.brooklynpubliclibrary.org/ContentDetails.htm?ID=AE078E0F-92F9-43F3-8E1C-8FAB4E520305
b118106703,x,http://digitalbooks.brooklynpubliclibrary.org/ContentDetails.htm?ID=CCC24BD8-F657-45C2-A8AC-B70603B8CE11
b118118882,x,http://digitalbooks.brooklynpubliclibrary.org/ContentDetails.htm?ID=306F5393-33D7-4F7E-A599-649590FFCC84
b118135752,x,http://digitalbooks.brooklynpubliclibrary.org/ContentDetails.htm?ID=9E613CA0-8929-4C9F-9A94-68635B37E63F
b118136835,x,http://digitalbooks.brooklynpubliclibrary.org/ContentDetails.htm?ID=0BC0714E-B348-4DA0-9F32-CF476BE2BDB6
b118137232,x,http://digitalbooks.brooklynpubliclibrary.org/ContentDetails.htm?ID=09595146-4852-44C8-870E-576B7BE21D09
b118138029,x,http://digitalbooks.brooklynpubliclibrary.org/ContentDetails.htm?ID=13E6C973-EC16-4952-A5FB-29B6E0160B2E
b118138121,x,http://digitalbooks.brooklynpubliclibrary.org/ContentDetails.htm?ID=EA9CBEC7-D0B5-4E22-91DE-379F938EDA7B
b118169762,x,http://digitalbooks.brooklynpubliclibrary.org/ContentDetails.htm?ID=9D908098-7051-40A5-9748-78457DCE8D74
b118191834,x,http://digitalbooks.brooklynpubliclibrary.org/ContentDetails.htm?ID=037A3CC0-756D-4455-BA4C-07EB7C45F7E1
b118193739,x,http://digitalbooks.brooklynpubliclibrary.org/ContentDetails.htm?ID=800A2FBC-E028-4EFF-97CF-7B57F78D1B9F
b118195220,x,http://digitalbooks.brooklynpubliclibrary.org/ContentDetails.htm?ID=AAA288FB-1B4A-4B59-AB38-E00209EF17EC
b118198919,x,http://digitalbooks.brooklynpubliclibrary.org/ContentDetails.htm?ID=EE470211-47C8-4107-99B6-E47473DF82EE
b118200604,x,http://digitalbooks.brooklynpubliclibrary.org/ContentDetails.htm?ID=FEE8595B-4D5B-4BC8-BA20-801A1D6E0F9A
b118203526,x,http://digitalbooks.brooklynpubliclibrary.org/ContentDetails.htm?ID=BD82092B-64B0-4AF7-8D60-1CFDC2C296E9
b118216934,x,http://digitalbooks.brooklynpubliclibrary.org/ContentDetails.htm?ID=C368C65F-B2E0-4E4D-8807-03991096D361
b11821780x,x,http://digitalbooks.brooklynpubliclibrary.org/ContentDetails.htm?ID=45CBEA91-6F49-4330-A615-01F287645C81
b118227014,x,http://digitalbooks.brooklynpubliclibrary.org/ContentDetails.htm?ID=4220F85C-0FD3-4062-8727-54D8B517353C
b118227257,x,http://digitalbooks.brooklynpubliclibrary.org/ContentDetails.htm?ID=00DB5BBB-FA70-432C-B736-C3EA6AA336FD
b118230207,x,http://digitalbooks.brooklynpubliclibrary.org/ContentDetails.htm?ID=8E9B2D51-5F90-46F4-8A98-C1243B1B0C80
b118230803,x,http://digitalbooks.brooklynpubliclibrary.org/ContentDetails.htm?ID=30F9E067-DFB3-41E1-93C6-61790CC7DE79
b118230967,x,http://digitalbooks.brooklynpubliclibrary.org/ContentDetails.htm?ID=76FD63D9-4101-4766-BC17-4E7FF83FE36B
b118239715,x,http://digitalbooks.brooklynpubliclibrary.org/ContentDetails.htm?ID=4ADA5094-2AC5-4F57-BA3A-13D6FD2FBF5D
b118240511,x,http://digitalbooks.brooklynpubliclibrary.org/ContentDetails.htm?ID=418AC78D-3630-4AB3-BA45-A3A3F84FE4DD
b118241060,x,http://digitalbooks.brooklynpubliclibrary.org/ContentDetails.htm?ID=6AC2C7FF-1A95-4F5B-B0A1-A5C621ADDFA5
b118263869,x,http://digitalbooks.brooklynpubliclibrary.org/ContentDetails.htm?ID=6F1C358C-EE98-4D66-99AB-DDC066F23C2A
b118264060,x,http://digitalbooks.brooklynpubliclibrary.org/ContentDetails.htm?ID=CFED186E-BAD4-4CE1-BB2D-E2AC34E63975
b118264539,x,http://digitalbooks.brooklynpubliclibrary.org/ContentDetails.htm?ID=72FA7F09-98C1-432A-BB72-13A9D28415B2
b118266342,x,http://digitalbooks.brooklynpubliclibrary.org/ContentDetails.htm?ID=02C4F912-F805-4DCE-AA35-8EF55F6FD371
b11826686x,x,http://digitalbooks.brooklynpubliclibrary.org/ContentDetails.htm?ID=BC728F63-0F9D-45F0-8B89-290DF82A8A67
b118266895,x,http://digitalbooks.brooklynpubliclibrary.org/ContentDetails.htm?ID=CBD4C95C-E00E-4F7C-BA44-D835C611D8DE
b118267474,x,http://digitalbooks.brooklynpubliclibrary.org/ContentDetails.htm?ID=87B99F27-1E2B-4EAD-AFF9-5AA1A8EEC6A5
b118267619,x,http://digitalbooks.brooklynpubliclibrary.org/ContentDetails.htm?ID=BDC1899C-9CCC-45A8-955D-E6B5CA95ED6C
b118267991,x,http://digitalbooks.brooklynpubliclibrary.org/ContentDetails.htm?ID=2E517506-3542-4362-9DE3-F2D1C1FD88F1
b118268351,x,http://digitalbooks.brooklynpubliclibrary.org/ContentDetails.htm?ID=92A7DA14-CFB0-49DE-B86A-2AAA46EDFE87
b118268624,x,http://digitalbooks.brooklynpubliclibrary.org/ContentDetails.htm?ID=ED9529EB-A018-4C06-9CF4-89FE86260499
b118270291,x,http://digitalbooks.brooklynpubliclibrary.org/ContentDetails.htm?ID=70F61DC9-EC8A-44A1-B640-4E75A05BFBCA
b118271118,x,http://digitalbooks.brooklynpubliclibrary.org/ContentDetails.htm?ID=56E47334-111B-49A6-AE9C-7BB6005AAA95
b118272469,x,http://digitalbooks.brooklynpubliclibrary.org/ContentDetails.htm?ID=26371020-09CC-4B6B-8EFA-55C0555220EE
b118280533,x,http://digitalbooks.brooklynpubliclibrary.org/ContentDetails.htm?ID=ABEF3773-9A39-4CDF-ABE2-7C31B8FA6320
b118281896,x,http://digitalbooks.brooklynpubliclibrary.org/ContentDetails.htm?ID=050F6932-0D78-446B-BC1F-7CFA9CE73EE9
b118283170,x,http://digitalbooks.brooklynpubliclibrary.org/ContentDetails.htm?ID=47CEC800-CB00-4B94-9DA7-F3D503B1C6A1
b118283327,x,http://digitalbooks.brooklynpubliclibrary.org/ContentDetails.htm?ID=A500FE17-95AF-4476-98B0-905E56B52EBC
b11828373x,x,http://digitalbooks.brooklynpubliclibrary.org/ContentDetails.htm?ID=D14EC438-32B2-4977-846D-0BF88CD9A82B
b118283741,x,http://digitalbooks.brooklynpubliclibrary.org/ContentDetails.htm?ID=D820F23B-8AD4-4CF2-A03D-246644C451A0
b118301238,x,http://digitalbooks.brooklynpubliclibrary.org/ContentDetails.htm?ID=7D2476A7-8DD4-4F2A-8043-D8AACF1AE317
b118301469,x,http://digitalbooks.brooklynpubliclibrary.org/ContentDetails.htm?ID=B45AB0C2-B009-40A6-A69A-1EBA431C59AE
b118301767,x,http://digitalbooks.brooklynpubliclibrary.org/ContentDetails.htm?ID=5A964121-944E-4A8B-9467-E6D18C145883
b118301809,x,http://digitalbooks.brooklynpubliclibrary.org/ContentDetails.htm?ID=D6849873-B6C3-4672-B553-424C15C5582B
b118313733,x,http://digitalbooks.brooklynpubliclibrary.org/ContentDetails.htm?ID=BF088E3A-AFED-44D3-B1AC-BFBEE9F2E14F
b118314427,x,http://digitalbooks.brooklynpubliclibrary.org/ContentDetails.htm?ID=3D683D20-4922-4692-BDA7-A41FA7958423
b118314968,x,http://digitalbooks.brooklynpubliclibrary.org/ContentDetails.htm?ID=44623E13-4A15-4E51-8D8E-6D8B73F10517
b118315717,x,http://digitalbooks.brooklynpubliclibrary.org/ContentDetails.htm?ID=B013FC4A-FDF3-4E25-B22C-FF471C655747
b118315961,x,http://digitalbooks.brooklynpubliclibrary.org/ContentDetails.htm?ID=91BA51E9-1345-4FEA-BC09-22FEFE04BB92
b118316795,x,http://digitalbooks.brooklynpubliclibrary.org/ContentDetails.htm?ID=62E4A4E6-DC72-45F1-A30F-925F62C80B4E
b118316813,x,http://digitalbooks.brooklynpubliclibrary.org/ContentDetails.htm?ID=A1059733-BECC-4ED7-BCC5-64F869423135
b118316862,x,http://digitalbooks.brooklynpubliclibrary.org/ContentDetails.htm?ID=FFD62553-DBDC-4D18-9F41-C70FE03AD60F
b118352271,x,http://digitalbooks.brooklynpubliclibrary.org/ContentDetails.htm?ID=30BE3FEE-70C1-4740-B02E-C506E72DB71B
b118352350,x,http://digitalbooks.brooklynpubliclibrary.org/ContentDetails.htm?ID=9B402373-FCDB-4B5C-A339-798F089FD891
b118352738,x,http://digitalbooks.brooklynpubliclibrary.org/ContentDetails.htm?ID=6CBDC4BB-E813-42E9-9015-F1EC68484EC4
b118352945,x,http://digitalbooks.brooklynpubliclibrary.org/ContentDetails.htm?ID=174EC204-4D4D-43D3-B2F0-02678D2D3C64
b11835310x,x,http://digitalbooks.brooklynpubliclibrary.org/ContentDetails.htm?ID=F3182B04-F3B0-423C-827A-C0ED7ED87BD4
b118354504,x,http://digitalbooks.brooklynpubliclibrary.org/ContentDetails.htm?ID=7351869F-18AE-4A23-9D3D-C48A19D6AFA2
b118355259,x,http://digitalbooks.brooklynpubliclibrary.org/ContentDetails.htm?ID=8FE43112-1FE0-4CF5-BD61-6F13D841EEC9
b118367043,x,http://digitalbooks.brooklynpubliclibrary.org/ContentDetails.htm?ID=9B724526-2944-40A4-834C-8D9ABE651428
b118368096,x,http://digitalbooks.brooklynpubliclibrary.org/ContentDetails.htm?ID=4B33D352-1253-4348-853B-2F8F8CDE56A1
b118368369,x,http://digitalbooks.brooklynpubliclibrary.org/ContentDetails.htm?ID=9683B33D-A556-4443-8120-29E7AB3ED2D1
b118377188,x,http://digitalbooks.brooklynpubliclibrary.org/ContentDetails.htm?ID=D1A7D047-0904-4ACA-91F2-3D5666DAD4E9
b118377668,x,http://digitalbooks.brooklynpubliclibrary.org/ContentDetails.htm?ID=22D24E97-27A1-4747-BFBA-5FE5B3316470
b118377887,x,http://digitalbooks.brooklynpubliclibrary.org/ContentDetails.htm?ID=33362A05-A0EC-4F8D-9ECC-63C09E680C26
b118379239,x,http://digitalbooks.brooklynpubliclibrary.org/ContentDetails.htm?ID=AF8EB691-BAB6-4184-A2E1-A47410DE7866
b118383590,x,http://digitalbooks.brooklynpubliclibrary.org/ContentDetails.htm?ID=67C53370-2977-425D-B9C2-3A503C572012
b118384193,x,http://digitalbooks.brooklynpubliclibrary.org/ContentDetails.htm?ID=94D24890-0AC4-48AF-A6C1-E7C196620CDF
b118385288,x,http://digitalbooks.brooklynpubliclibrary.org/ContentDetails.htm?ID=DF9DBBF1-27F2-4D0A-A695-3FF2FAC38234
b11838546x,x,http://digitalbooks.brooklynpubliclibrary.org/ContentDetails.htm?ID=E855D592-CA60-4C25-A559-43C3692DD6FC
b118385707,x,http://digitalbooks.brooklynpubliclibrary.org/ContentDetails.htm?ID=F9B10D91-349A-4DAD-BD7E-85D4186FBD05
b118386153,x,http://digitalbooks.brooklynpubliclibrary.org/ContentDetails.htm?ID=624EAE14-9207-4F61-8EDA-BDF6B4D0B10F
b118386554,x,http://digitalbooks.brooklynpubliclibrary.org/ContentDetails.htm?ID=A188E442-D451-4BFC-BCE0-EA572FAD4DA6
b118386992,x,http://digitalbooks.brooklynpubliclibrary.org/ContentDetails.htm?ID=7ABABE08-0B01-4177-ABDF-FDB7D0F711E9
b118397849,x,http://digitalbooks.brooklynpubliclibrary.org/ContentDetails.htm?ID=5CAC7DBF-93EA-439C-972D-4AE2EF828A49
b118415992,x,http://digitalbooks.brooklynpubliclibrary.org/ContentDetails.htm?ID=25B368FB-2961-4F8A-8752-133B09054AFE
b118416054,x,http://digitalbooks.brooklynpubliclibrary.org/ContentDetails.htm?ID=295FF991-4CA5-4C14-B353-2929BC2863B4
b11841656x,x,http://digitalbooks.brooklynpubliclibrary.org/ContentDetails.htm?ID=857B4051-745A-4F4E-BB5D-F90FD6B12ADD
b118416571,x,http://digitalbooks.brooklynpubliclibrary.org/ContentDetails.htm?ID=86E22FB7-B3CF-4048-956C-FA712B581003
b11841933x,x,http://digitalbooks.brooklynpubliclibrary.org/ContentDetails.htm?ID=EC62427B-F095-4AF4-9215-F31AD64DF8E1
b11841950x,x,http://digitalbooks.brooklynpubliclibrary.org/ContentDetails.htm?ID=E4FA7E34-2E07-48E3-9CC3-D19FF43ABF98
b118436995,x,http://digitalbooks.brooklynpubliclibrary.org/ContentDetails.htm?ID=A78D2885-46D0-4ADC-884F-A5217334AB3F
b118437008,x,http://digitalbooks.brooklynpubliclibrary.org/ContentDetails.htm?ID=BE2B14EB-30BE-4BDC-8AFE-4B1C5DEC664E
b118437367,x,http://digitalbooks.brooklynpubliclibrary.org/ContentDetails.htm?ID=52130829-0A5D-4D0D-B2B0-62164D4E2E55
b118437410,x,http://digitalbooks.brooklynpubliclibrary.org/ContentDetails.htm?ID=5EBDC537-7E6A-411D-A8AC-2F9F30E0AC4F
b118437847,x,http://digitalbooks.brooklynpubliclibrary.org/ContentDetails.htm?ID=F2A3FC3C-606E-434C-81DE-A0731C87FD6B
b118438049,x,http://digitalbooks.brooklynpubliclibrary.org/ContentDetails.htm?ID=295CE6CE-AEAF-4D43-8F1E-F303E3A84B20
b118439522,x,http://digitalbooks.brooklynpubliclibrary.org/ContentDetails.htm?ID=AB443279-271E-4720-B7F0-E8BA568EA7B2
b118439613,x,http://digitalbooks.brooklynpubliclibrary.org/ContentDetails.htm?ID=BFAC32FC-3B5C-4624-A0C7-AF01517BBA1F
b118439637,x,http://digitalbooks.brooklynpubliclibrary.org/ContentDetails.htm?ID=C04F7AE7-A8F3-4583-AB2C-680C2BFDB5EE
b118442995,x,http://digitalbooks.brooklynpubliclibrary.org/ContentDetails.htm?ID=743603D2-EC85-4F92-9D28-8B9511C5044B
b11844430x,x,http://digitalbooks.brooklynpubliclibrary.org/ContentDetails.htm?ID=EADC33DB-7407-4CB1-B1DB-290C9733B1DE
b118449011,x,http://digitalbooks.brooklynpubliclibrary.org/ContentDetails.htm?ID=4544BC2A-F63F-45D7-B371-7F02EE90B374
b118449047,x,http://digitalbooks.brooklynpubliclibrary.org/ContentDetails.htm?ID=85F311B4-4781-4058-AC34-FBCB493E2C9B
b118449874,x,http://digitalbooks.brooklynpubliclibrary.org/ContentDetails.htm?ID=71B83BCE-779C-4D08-A25B-D2410CF062E4
b118453014,x,http://digitalbooks.brooklynpubliclibrary.org/ContentDetails.htm?ID=60C354E2-354B-4E1B-8FAE-60D4DBD9FF7D
b118453269,x,http://digitalbooks.brooklynpubliclibrary.org/ContentDetails.htm?ID=17E0A338-5025-4687-BFC4-761A433896E2
b118453944,x,http://digitalbooks.brooklynpubliclibrary.org/ContentDetails.htm?ID=0F1DBCA0-AF33-46E0-8F66-950FF650996A
b118454055,x,http://digitalbooks.brooklynpubliclibrary.org/ContentDetails.htm?ID=C9EF10EB-432F-40F5-9015-6422CFA71AEB
b118454663,x,http://digitalbooks.brooklynpubliclibrary.org/ContentDetails.htm?ID=92456B65-73E8-459C-B6C0-BD0029B1A922
b118454687,x,http://digitalbooks.brooklynpubliclibrary.org/ContentDetails.htm?ID=983618F6-BF39-451D-B6F7-7521FE757233
b11845478x,x,http://digitalbooks.brooklynpubliclibrary.org/ContentDetails.htm?ID=A7093ADB-B768-4921-AE46-BF3A84CFE8A3
b118454821,x,http://digitalbooks.brooklynpubliclibrary.org/ContentDetails.htm?ID=AD183640-71CD-4907-813E-242503328694
b118454912,x,http://digitalbooks.brooklynpubliclibrary.org/ContentDetails.htm?ID=C6E63DA9-D527-4BB3-9A3F-4E4F3AF466DE
b118454973,x,http://digitalbooks.brooklynpubliclibrary.org/ContentDetails.htm?ID=D8C2E560-7239-4AE0-8AAE-50D2C8AAF8FC
b118462684,x,http://digitalbooks.brooklynpubliclibrary.org/ContentDetails.htm?ID=D52C9D2C-DF12-4302-AE03-1A0D64F97A4E
b118462799,x,http://digitalbooks.brooklynpubliclibrary.org/ContentDetails.htm?ID=90CDBFB6-EAF9-4B1E-925A-1905D1043454
b118462878,x,http://digitalbooks.brooklynpubliclibrary.org/ContentDetails.htm?ID=63E91A48-72E1-4D21-8E82-0B3C94974ED3
b118463263,x,http://digitalbooks.brooklynpubliclibrary.org/ContentDetails.htm?ID=08EED7E8-94D8-401F-831B-A285C5FC0933
b118463305,x,http://digitalbooks.brooklynpubliclibrary.org/ContentDetails.htm?ID=15FE4084-8810-4413-A418-A78D943AA0AB
b118463329,x,http://digitalbooks.brooklynpubliclibrary.org/ContentDetails.htm?ID=1CF2D521-4E2C-45DC-99B3-7C7A37B121AF
b118466021,x,http://digitalbooks.brooklynpubliclibrary.org/ContentDetails.htm?ID=D6A8E08D-2B76-46E7-998D-2EBF36E86ABC
b118466161,x,http://digitalbooks.brooklynpubliclibrary.org/ContentDetails.htm?ID=E835A924-83C7-4E3A-A9B8-93FFCD4479D8
b11847537x,x,http://digitalbooks.brooklynpubliclibrary.org/ContentDetails.htm?ID=82C88664-8A27-4077-8559-B5428E63E05E
b118475393,x,http://digitalbooks.brooklynpubliclibrary.org/ContentDetails.htm?ID=8D551666-437B-4D67-8F15-993AA4EEF37B
b118475411,x,http://digitalbooks.brooklynpubliclibrary.org/ContentDetails.htm?ID=2D0091A3-DFFD-4FDB-9F1B-6A4C5CE8EE0C
b118476518,x,http://digitalbooks.brooklynpubliclibrary.org/ContentDetails.htm?ID=A4BBD6FC-68AF-4DB1-A405-464ED7AED18E
b118477158,x,http://digitalbooks.brooklynpubliclibrary.org/ContentDetails.htm?ID=200EF3FE-B9A4-4077-99D1-D4444F161B21
b118477973,x,http://digitalbooks.brooklynpubliclibrary.org/ContentDetails.htm?ID=D26641DC-0092-42CA-8A4A-0FD98E457174
b118478114,x,http://digitalbooks.brooklynpubliclibrary.org/ContentDetails.htm?ID=F5DB5B48-3CD0-4953-BB2A-C6189AD208AB
b118478199,x,http://digitalbooks.brooklynpubliclibrary.org/ContentDetails.htm?ID=050D85F0-DCC0-4011-B9F5-77219426A680
b118478266,x,http://digitalbooks.brooklynpubliclibrary.org/ContentDetails.htm?ID=0BF89D4C-6A9C-4B71-B741-7D98D0FF58DB
b118508234,x,http://digitalbooks.brooklynpubliclibrary.org/ContentDetails.htm?ID=1B7DA03A-A2C7-4650-A040-BB22A984D16D
b118508350,x,http://digitalbooks.brooklynpubliclibrary.org/ContentDetails.htm?ID=411A1FAD-699A-4249-8BD9-F385F9883F93
b118520039,x,http://digitalbooks.brooklynpubliclibrary.org/ContentDetails.htm?ID=96756024-0DB1-4489-8CFC-3D872EEDA5F8
b118521056,x,http://digitalbooks.brooklynpubliclibrary.org/ContentDetails.htm?ID=15BFB943-DD8F-4F4A-8B43-74F2BAEA9A85
b118521652,x,http://digitalbooks.brooklynpubliclibrary.org/ContentDetails.htm?ID=CE9C888F-0A38-4F9F-902A-F717347C8DFE
b118523107,x,http://digitalbooks.brooklynpubliclibrary.org/ContentDetails.htm?ID=099EC250-7436-477A-8614-5A905696BDFC
b118533307,x,http://digitalbooks.brooklynpubliclibrary.org/ContentDetails.htm?ID=C707F334-C845-4F88-96E5-803F2E7ED9D9
b118533630,x,http://digitalbooks.brooklynpubliclibrary.org/ContentDetails.htm?ID=6B4121A2-533C-4151-85C8-22AC4A1F1A2A
b118533769,x,http://digitalbooks.brooklynpubliclibrary.org/ContentDetails.htm?ID=77826D33-1D68-4E1B-8793-EC968B42460A
b118539413,x,http://digitalbooks.brooklynpubliclibrary.org/ContentDetails.htm?ID=2E4B3CB5-D364-4261-9FA7-DF686DE3D01A
b118539954,x,http://digitalbooks.brooklynpubliclibrary.org/ContentDetails.htm?ID=14CD2D8D-9237-4A3F-959F-F6AB0A76E1A1
b11854052x,x,http://digitalbooks.brooklynpubliclibrary.org/ContentDetails.htm?ID=EB8CCAD7-46F4-4E68-ADBE-B749D66FF4F2
b118540816,x,http://digitalbooks.brooklynpubliclibrary.org/ContentDetails.htm?ID=78C1766F-828A-4140-82C6-347101C4A646
b118541183,x,http://digitalbooks.brooklynpubliclibrary.org/ContentDetails.htm?ID=1D628BC6-8858-4475-82BE-D7AD1B5B2B74
b118549005,x,http://digitalbooks.brooklynpubliclibrary.org/ContentDetails.htm?ID=579A7F8B-2934-4268-9078-36C5236302EF
b118549297,x,http://digitalbooks.brooklynpubliclibrary.org/ContentDetails.htm?ID=17D164EB-8FD2-4297-B277-3632662F6B38
b118549479,x,http://digitalbooks.brooklynpubliclibrary.org/ContentDetails.htm?ID=BBF9D01B-52FE-4B7D-AFD7-7C1D62DE4FE3
b118550433,x,http://digitalbooks.brooklynpubliclibrary.org/ContentDetails.htm?ID=28CC3610-A403-4A30-871E-D0431A2E7981
b118568498,x,http://digitalbooks.brooklynpubliclibrary.org/ContentDetails.htm?ID=6A86F54C-3600-4AFA-8F65-A2FD28EE4A79
b118568516,x,http://digitalbooks.brooklynpubliclibrary.org/ContentDetails.htm?ID=3A7EDC15-9147-47C1-9F91-CC811C438D8B
b118568668,x,http://digitalbooks.brooklynpubliclibrary.org/ContentDetails.htm?ID=BE120213-F3AF-419D-ABB5-4802F308FC3F
b11856867x,x,http://digitalbooks.brooklynpubliclibrary.org/ContentDetails.htm?ID=16C8897F-8205-48E1-A386-3E29D6BDD189
b118568681,x,http://digitalbooks.brooklynpubliclibrary.org/ContentDetails.htm?ID=0944CCCA-19C0-4189-908D-9D3E4E2E4C40
b118569004,x,http://digitalbooks.brooklynpubliclibrary.org/ContentDetails.htm?ID=099FF05B-22A3-44FA-8A0E-EA06B03223C7
b118569739,x,http://digitalbooks.brooklynpubliclibrary.org/ContentDetails.htm?ID=BE9EEA78-E279-44DF-B096-5A31E57BBC24
b118574747,x,http://digitalbooks.brooklynpubliclibrary.org/ContentDetails.htm?ID=F529F95A-A47E-40EE-981A-A541369C7DA7
b118576008,x,http://digitalbooks.brooklynpubliclibrary.org/ContentDetails.htm?ID=A71C1489-D58F-45A7-9F28-566E6BC2FDE1
b118576070,x,http://digitalbooks.brooklynpubliclibrary.org/ContentDetails.htm?ID=13FAB726-EAAE-44E0-A0FF-93B51BC330E7
b118576276,x,http://digitalbooks.brooklynpubliclibrary.org/ContentDetails.htm?ID=7C8466FE-8A56-4D75-AB6A-64A41CE08452
b118576355,x,http://digitalbooks.brooklynpubliclibrary.org/ContentDetails.htm?ID=AC4D42EF-6B7D-45CC-BFB0-0D2C56B9E4B6
b118576409,x,http://digitalbooks.brooklynpubliclibrary.org/ContentDetails.htm?ID=F493BA19-63A1-4E78-BD23-6364C9417006
b118579034,x,http://digitalbooks.brooklynpubliclibrary.org/ContentDetails.htm?ID=7E1437DD-88FB-49A7-BB75-FF939DD816D0
b11857923x,x,http://digitalbooks.brooklynpubliclibrary.org/ContentDetails.htm?ID=B67C529E-52CC-40E1-914E-3F966B7A42F0
b118613790,x,http://digitalbooks.brooklynpubliclibrary.org/ContentDetails.htm?ID=AAB5B169-7E76-40AB-B875-1D201897E499
b118614113,x,http://digitalbooks.brooklynpubliclibrary.org/ContentDetails.htm?ID=375EF800-8A46-4A35-A845-BA38FE1AFC6A
b118614332,x,http://digitalbooks.brooklynpubliclibrary.org/ContentDetails.htm?ID=25BCFA55-8C58-4817-A458-4362374EEF11
b11861440x,x,http://digitalbooks.brooklynpubliclibrary.org/ContentDetails.htm?ID=59B8C7CE-887B-4019-93C6-A21EF517052A
b118622729,x,http://digitalbooks.brooklynpubliclibrary.org/ContentDetails.htm?ID=A3537B1C-AA87-4A8B-828F-BEB4332DD254
b118623229,x,http://digitalbooks.brooklynpubliclibrary.org/ContentDetails.htm?ID=143C9342-A896-43C5-9E46-8011D9B37D64
b118624751,x,http://digitalbooks.brooklynpubliclibrary.org/ContentDetails.htm?ID=53569439-F04B-446E-9788-59F866EB2CD6
b118625755,x,http://digitalbooks.brooklynpubliclibrary.org/ContentDetails.htm?ID=53569439-F04B-446E-9788-59F866EB2CD6
b118626310,x,http://digitalbooks.brooklynpubliclibrary.org/ContentDetails.htm?ID=A643C197-EB1F-4785-A6B2-60F34E2E12F0
b118626334,x,http://digitalbooks.brooklynpubliclibrary.org/ContentDetails.htm?ID=C8915B52-A90C-46D7-A037-3C7F675B592B
b118664670,x,http://digitalbooks.brooklynpubliclibrary.org/ContentDetails.htm?ID=05056FF6-96DA-4E2C-86E3-A6BBF102FFAE
b118664773,x,http://digitalbooks.brooklynpubliclibrary.org/ContentDetails.htm?ID=56164843-8926-467B-803C-E4C3B30A1371
b118664864,x,http://digitalbooks.brooklynpubliclibrary.org/ContentDetails.htm?ID=AC9E2256-7271-4EB9-9EC0-F1046420CEDB
b118666332,x,http://digitalbooks.brooklynpubliclibrary.org/ContentDetails.htm?ID=22A4C4BB-E51B-4B8F-8CC7-B9D4A48B65EA
b118666368,x,http://digitalbooks.brooklynpubliclibrary.org/ContentDetails.htm?ID=50FD2259-8077-43F8-906D-E027B0D376D6
b118666472,x,http://digitalbooks.brooklynpubliclibrary.org/ContentDetails.htm?ID=AF156B49-332C-4519-BBC7-2A2E070AB2B9
b118666538,x,http://digitalbooks.brooklynpubliclibrary.org/ContentDetails.htm?ID=4A419994-664A-49C2-A13B-1D48AF380ACF
b118668420,x,http://digitalbooks.brooklynpubliclibrary.org/ContentDetails.htm?ID=132C411E-A473-4817-91AF-88D0D701F494
b118668699,x,http://digitalbooks.brooklynpubliclibrary.org/ContentDetails.htm?ID=34705C8A-2237-4ABD-8D7A-9EEFBCEFB021
b118670074,x,http://digitalbooks.brooklynpubliclibrary.org/ContentDetails.htm?ID=4A3C4A65-6FF4-48C4-A9A3-30E46610BC99
b118670372,x,http://digitalbooks.brooklynpubliclibrary.org/ContentDetails.htm?ID=3B5104A1-2548-47EE-AD3A-3E2EACB833FA
b118670645,x,http://digitalbooks.brooklynpubliclibrary.org/ContentDetails.htm?ID=D987CDE2-D455-496D-A0E1-AEA9DC3C48BA
b118671315,x,http://digitalbooks.brooklynpubliclibrary.org/ContentDetails.htm?ID=12B0486B-1F86-456A-A78B-9FA01FA01069
b118671601,x,http://digitalbooks.brooklynpubliclibrary.org/ContentDetails.htm?ID=48DE6E7C-6F81-447B-95E3-32B459DF0FED
b118676921,x,http://digitalbooks.brooklynpubliclibrary.org/ContentDetails.htm?ID=8D18515F-A232-4E73-BEA2-97C05257C294
b118677159,x,http://digitalbooks.brooklynpubliclibrary.org/ContentDetails.htm?ID=47E4F895-EA09-42A3-AC65-00363E4D407B
b118679922,x,http://digitalbooks.brooklynpubliclibrary.org/ContentDetails.htm?ID=9612689C-4FBE-4DC5-A395-BAAFC0840B7E
b118680845,x,http://digitalbooks.brooklynpubliclibrary.org/ContentDetails.htm?ID=54DE1AE0-F160-46D1-8A57-FEEC8D1F0665
b118685302,x,http://digitalbooks.brooklynpubliclibrary.org/ContentDetails.htm?ID=9D5DA717-77E7-4C96-9CEC-2C8C17A17E37
b118686380,x,http://digitalbooks.brooklynpubliclibrary.org/ContentDetails.htm?ID=881AA019-DAF1-4FCB-8A1A-47BAC88F7A44
b11868694x,x,http://digitalbooks.brooklynpubliclibrary.org/ContentDetails.htm?ID=74A0976A-543F-461D-A382-0E1CF8083BF3
b118687311,x,http://digitalbooks.brooklynpubliclibrary.org/ContentDetails.htm?ID=C023CA15-E5F8-4853-AB90-2C7ED417793B
b118687335,x,http://digitalbooks.brooklynpubliclibrary.org/ContentDetails.htm?ID=16B0AE08-D00D-4AB4-86D2-FF3FF7449582
b118687633,x,http://digitalbooks.brooklynpubliclibrary.org/ContentDetails.htm?ID=21FA0A98-09A9-4A98-8ED5-910870BCD632
b118687736,x,http://digitalbooks.brooklynpubliclibrary.org/ContentDetails.htm?ID=E94D33FB-8087-4835-BAC9-BBEF2A589A05
b11871207x,x,http://digitalbooks.brooklynpubliclibrary.org/ContentDetails.htm?ID=83268DE7-A893-4010-8332-C0E98D6C4327
b118712470,x,http://digitalbooks.brooklynpubliclibrary.org/ContentDetails.htm?ID=E03BFE24-F40E-48F4-AA84-45D4C4B6EE95
b118713498,x,http://digitalbooks.brooklynpubliclibrary.org/ContentDetails.htm?ID=DA42F8FF-7220-4BE3-AE99-3D21C2AB2A7E
b118718927,x,http://digitalbooks.brooklynpubliclibrary.org/ContentDetails.htm?ID=9043B6B2-A76C-46EC-B1F6-3D54914E1929
b118719579,x,http://digitalbooks.brooklynpubliclibrary.org/ContentDetails.htm?ID=3E821B72-8AC0-4FC5-B839-623E06DF0F14
b118721690,x,http://digitalbooks.brooklynpubliclibrary.org/ContentDetails.htm?ID=83907593-A984-457A-9354-55EC79989EB3
b118721902,x,http://digitalbooks.brooklynpubliclibrary.org/ContentDetails.htm?ID=C33E6710-3B62-43FA-89B0-40A8AE065EB9
b118721963,x,http://digitalbooks.brooklynpubliclibrary.org/ContentDetails.htm?ID=E8BA4BCC-AC4F-4965-ABC9-E052B41F0A65
b118722177,x,http://digitalbooks.brooklynpubliclibrary.org/ContentDetails.htm?ID=6F6A4B45-F786-4B95-A47A-F639346E64FB
b118726432,x,http://digitalbooks.brooklynpubliclibrary.org/ContentDetails.htm?ID=9FE401C8-8524-48F0-A45C-CC7A0527371F
b11872650x,x,http://digitalbooks.brooklynpubliclibrary.org/ContentDetails.htm?ID=2A332BA9-C01C-43AB-A269-D08586DFC667
b118726584,x,http://digitalbooks.brooklynpubliclibrary.org/ContentDetails.htm?ID=95AE5AC6-9D49-4024-8E7F-3F2EA6E6D064
b118726596,x,http://digitalbooks.brooklynpubliclibrary.org/ContentDetails.htm?ID=FD8F1763-CFD1-4C1B-A5D3-8A5E5DD22CA6
b118727291,x,http://digitalbooks.brooklynpubliclibrary.org/ContentDetails.htm?ID=908468DF-001A-4BF6-AA6A-DB3E42F4FB97
b118728040,x,http://digitalbooks.brooklynpubliclibrary.org/ContentDetails.htm?ID=0A2351ED-DC6D-490E-9593-B23411249C4D
b118728106,x,http://digitalbooks.brooklynpubliclibrary.org/ContentDetails.htm?ID=0D287A6F-0AF0-4B2D-84E4-B861FB9CDE12
b11872812x,x,http://digitalbooks.brooklynpubliclibrary.org/ContentDetails.htm?ID=11EA0668-6651-427C-B541-0D9FAB73A21D
b118774700,x,http://digitalbooks.brooklynpubliclibrary.org/ContentDetails.htm?ID=DD1CE9F1-14BF-47FC-AE59-82F2CD3C8D6E
b118775571,x,http://digitalbooks.brooklynpubliclibrary.org/ContentDetails.htm?ID=5FB3D6D1-482F-4041-8539-8BBABA81ADA8
b118785746,x,http://digitalbooks.brooklynpubliclibrary.org/ContentDetails.htm?ID=EC4DB2FE-4708-476E-B0A3-9BBD6D423B16
b118785758,x,http://digitalbooks.brooklynpubliclibrary.org/ContentDetails.htm?ID=1FE9A880-D2A4-41FA-B893-74FB8D9BC2B4
b118786374,x,http://digitalbooks.brooklynpubliclibrary.org/ContentDetails.htm?ID=10958D42-860A-4A6A-AF82-192E1F2B1C8F
b118802872,x,http://digitalbooks.brooklynpubliclibrary.org/ContentDetails.htm?ID=D4D92229-F520-489E-BDF3-AB892EA61AE4
b118817899,x,http://digitalbooks.brooklynpubliclibrary.org/ContentDetails.htm?ID=BEBD4580-3F3C-4848-B805-111CC49671CD
b118819355,x,http://digitalbooks.brooklynpubliclibrary.org/ContentDetails.htm?ID=F689F035-175F-4806-9004-FD36EEBAE3BE
b118835865,x,http://digitalbooks.brooklynpubliclibrary.org/ContentDetails.htm?ID=04D2AC24-72EE-4CDD-86BB-E5EBD004090F
b118836080,x,http://digitalbooks.brooklynpubliclibrary.org/ContentDetails.htm?ID=80831647-6BD2-4D32-83D1-ABE8FB911AEC
b118859559,x,http://digitalbooks.brooklynpubliclibrary.org/ContentDetails.htm?ID=0C188B87-50F5-4B46-8BCD-683FC6CFB9EA
b118859596,x,http://digitalbooks.brooklynpubliclibrary.org/ContentDetails.htm?ID=FBC82027-0A3C-40D2-A275-801AC455400E
b118859663,x,http://digitalbooks.brooklynpubliclibrary.org/ContentDetails.htm?ID=827C588C-3994-4400-9E2B-F0EEF0852541
b118859705,x,http://digitalbooks.brooklynpubliclibrary.org/ContentDetails.htm?ID=6C43C7B9-FAAE-450F-89B7-D0F3BD440414
b118859870,x,http://digitalbooks.brooklynpubliclibrary.org/ContentDetails.htm?ID=0AE039D6-DD86-4D5E-8BB1-E24B3ED3FD05
b118861591,x,http://digitalbooks.brooklynpubliclibrary.org/ContentDetails.htm?ID=0D1D42E0-4116-48C1-9D8B-8D7029267B85
b118863034,x,http://digitalbooks.brooklynpubliclibrary.org/ContentDetails.htm?ID=D1A6039C-C1BB-4FF0-8223-86C2B594A983
b118863046,x,http://digitalbooks.brooklynpubliclibrary.org/ContentDetails.htm?ID=B7EEA02D-0847-4B63-9926-C096CB106ABC
b11886306x,x,http://digitalbooks.brooklynpubliclibrary.org/ContentDetails.htm?ID=080DCFA6-70F6-4FB2-93F5-F11F9EEE639B
b118902027,x,http://digitalbooks.brooklynpubliclibrary.org/ContentDetails.htm?ID=C549E47A-13B5-42F6-9A37-166AC2217F7B
b118902052,x,http://digitalbooks.brooklynpubliclibrary.org/ContentDetails.htm?ID=3ECF9BF2-85FD-4518-83E0-03AFB8F2B191
b118902118,x,http://digitalbooks.brooklynpubliclibrary.org/ContentDetails.htm?ID=4ABD2575-C73F-42A3-92AB-D696DD924A2A
b118902787,x,http://digitalbooks.brooklynpubliclibrary.org/ContentDetails.htm?ID=A7E0DB7E-4AD9-4D6E-BB02-96EE747852A9
b118903159,x,http://digitalbooks.brooklynpubliclibrary.org/ContentDetails.htm?ID=73247EE0-13F2-4D27-B6DF-34E35EE9B0D4
b118904048,x,http://digitalbooks.brooklynpubliclibrary.org/ContentDetails.htm?ID=7BEEDB13-6010-41CC-81EC-4F41CE86BE16
b118904322,x,http://digitalbooks.brooklynpubliclibrary.org/ContentDetails.htm?ID=EFD1E8DD-002C-4E6E-B543-43BBB84BC083
b118904401,x,http://digitalbooks.brooklynpubliclibrary.org/ContentDetails.htm?ID=680E1132-38DB-490F-8BEB-29B231B48910
b118906045,x,http://digitalbooks.brooklynpubliclibrary.org/ContentDetails.htm?ID=8F5107F1-96FF-4D77-A71B-A810CF33B396
b11890629x,x,http://digitalbooks.brooklynpubliclibrary.org/ContentDetails.htm?ID=84118CEE-74D8-44D1-97CE-00E44CD80342
b119003983,x,http://digitalbooks.brooklynpubliclibrary.org/ContentDetails.htm?ID=0C29F83E-5C95-46F3-8A5F-90085630222D
b119008488,x,http://digitalbooks.brooklynpubliclibrary.org/ContentDetails.htm?ID=7D7D80AE-4F07-4F6B-9EE4-3EE7F6A7F078
b119009006,x,http://digitalbooks.brooklynpubliclibrary.org/ContentDetails.htm?ID=1BB89FF4-9D05-4FFD-A9D5-D87CED6519F7
b119010598,x,http://digitalbooks.brooklynpubliclibrary.org/ContentDetails.htm?ID=77E11B12-EF73-4144-8B67-0E8A9D8F6BFA
b119022552,x,http://digitalbooks.brooklynpubliclibrary.org/ContentDetails.htm?ID=0CE343B0-A85D-4582-8B24-A22ABBC41FFB
b119034013,x,http://digitalbooks.brooklynpubliclibrary.org/ContentDetails.htm?ID=B84AEE08-C320-4CAA-A933-D63BCE40F3AB
b11903847x,x,http://digitalbooks.brooklynpubliclibrary.org/ContentDetails.htm?ID=6B130A73-C2C5-4479-BEF6-72D62FE7DD20
b119038936,x,http://digitalbooks.brooklynpubliclibrary.org/ContentDetails.htm?ID=ADBFD324-1911-460C-B51E-ADE0E72F8F0B
b119039187,x,http://digitalbooks.brooklynpubliclibrary.org/ContentDetails.htm?ID=F00C0446-EBE8-4729-AC23-4DF27087B3C1
b11904089x,x,http://digitalbooks.brooklynpubliclibrary.org/ContentDetails.htm?ID=BDFD5054-961E-4CEE-9569-D3D059B1D44D
b119041315,x,http://digitalbooks.brooklynpubliclibrary.org/ContentDetails.htm?ID=E4A26001-9B83-4B3C-B029-4F4855DBB5E9
b119041327,x,http://digitalbooks.brooklynpubliclibrary.org/ContentDetails.htm?ID=1ACC1A92-A74D-4C85-9944-713961D846DE
b11904156x,x,http://digitalbooks.brooklynpubliclibrary.org/ContentDetails.htm?ID=51943112-741C-4304-AE3B-1F766EBF775E
b119041601,x,http://digitalbooks.brooklynpubliclibrary.org/ContentDetails.htm?ID=2A8E84F4-CFE9-49E1-ACE9-7BD01670D8B9
b119041613,x,http://digitalbooks.brooklynpubliclibrary.org/ContentDetails.htm?ID=43FCC578-C8EE-4F6D-9092-944095DB9424
b119041637,x,http://digitalbooks.brooklynpubliclibrary.org/ContentDetails.htm?ID=55EB680A-0144-4766-8848-83D242210818
b119048188,x,http://digitalbooks.brooklynpubliclibrary.org/ContentDetails.htm?ID=2BA57709-B95B-4EF7-A8FA-F8C161C59E99
b119048292,x,http://digitalbooks.brooklynpubliclibrary.org/ContentDetails.htm?ID=8B30CE7E-9E39-4CDD-976B-F34157E14B8D
b119048577,x,http://digitalbooks.brooklynpubliclibrary.org/ContentDetails.htm?ID=C0676B88-5DFE-4816-B2CD-3FFF1A83C302
b119048620,x,http://digitalbooks.brooklynpubliclibrary.org/ContentDetails.htm?ID=BA7406C0-D8EE-4417-9423-FADE8A60198C
b119048796,x,http://digitalbooks.brooklynpubliclibrary.org/ContentDetails.htm?ID=AD9FDA7C-8659-4FD0-A405-9133C70631EB
b119049041,x,http://digitalbooks.brooklynpubliclibrary.org/ContentDetails.htm?ID=D42B8512-2D16-4D1D-B5E2-541B6D441FF7
b119049107,x,http://digitalbooks.brooklynpubliclibrary.org/ContentDetails.htm?ID=ABBAD4CB-7471-4AE0-B72B-49E711D1441A
b119097059,x,http://digitalbooks.brooklynpubliclibrary.org/ContentDetails.htm?ID=063C9D87-ACA9-49EC-896D-90E2EDFD05B0
b119097254,x,http://digitalbooks.brooklynpubliclibrary.org/ContentDetails.htm?ID=3868C051-D0A3-4A81-A077-A80A653E65F7
b11909907x,x,http://digitalbooks.brooklynpubliclibrary.org/ContentDetails.htm?ID=370C28CA-78A7-4132-9972-0B17AAE07717
b119126473,x,http://digitalbooks.brooklynpubliclibrary.org/ContentDetails.htm?ID=61EE80F7-AA2D-4062-BA52-8A6BCB929605
b119127003,x,http://digitalbooks.brooklynpubliclibrary.org/ContentDetails.htm?ID=7A1C40D8-C41B-445E-83F9-197D3461ACA6
b119134329,x,http://digitalbooks.brooklynpubliclibrary.org/ContentDetails.htm?ID=03758E14-2237-4BF9-9852-DB53B0AF7310
b119135164,x,http://digitalbooks.brooklynpubliclibrary.org/ContentDetails.htm?ID=E77A3A71-3874-4174-98CB-02660614DB07
b119136053,x,http://digitalbooks.brooklynpubliclibrary.org/ContentDetails.htm?ID=9C8A8B31-7369-406E-AB42-35B495B56503
b119158851,x,http://digitalbooks.brooklynpubliclibrary.org/ContentDetails.htm?ID=F6890A26-CC22-4478-988D-A44AE07D5398
b119179520,x,http://digitalbooks.brooklynpubliclibrary.org/ContentDetails.htm?ID=965804C8-6120-4A66-B288-D2A202BEE381
b119180698,x,http://digitalbooks.brooklynpubliclibrary.org/ContentDetails.htm?ID=5E8414D7-2C0B-41CA-B4A3-C215E91575A5
b119181137,x,http://digitalbooks.brooklynpubliclibrary.org/ContentDetails.htm?ID=CECE07FA-1703-4F00-ADE9-9AAE77FFAA75
b119181733,x,http://digitalbooks.brooklynpubliclibrary.org/ContentDetails.htm?ID=75E89B69-D21F-4C62-82DA-637EBCCE4DD8
b119181952,x,http://digitalbooks.brooklynpubliclibrary.org/ContentDetails.htm?ID=409E633B-F342-488A-9306-4DDEF29823E1
b119208192,x,http://digitalbooks.brooklynpubliclibrary.org/ContentDetails.htm?ID=D7031A35-2D2B-4921-8E4C-BD628B849E3D
b119220489,x,http://digitalbooks.brooklynpubliclibrary.org/ContentDetails.htm?ID=50ABCB44-68E2-400D-9B3F-1B7DA6F727CD
b11922110x,x,http://digitalbooks.brooklynpubliclibrary.org/ContentDetails.htm?ID=3F0F679E-0B42-4CD5-86FA-5BE10D330704
b11923242x,z,http://digitalbooks.brooklynpubliclibrary.org/ContentDetails.htm?ID=425011E8-6220-456E-9650-382EEB2EA5B9
b119260529,x,http://digitalbooks.brooklynpubliclibrary.org/ContentDetails.htm?ID=742465F3-B628-4EDB-805B-C17B3ABF75EF
b119274498,x,http://digitalbooks.brooklynpubliclibrary.org/ContentDetails.htm?ID=F1C8B0DC-0AD2-4953-862D-C3854EBDD06F
b119274504,x,http://digitalbooks.brooklynpubliclibrary.org/ContentDetails.htm?ID=E278BD97-0A07-4A14-855A-A8C9010BD41C
b119275697,x,http://digitalbooks.brooklynpubliclibrary.org/ContentDetails.htm?ID=90DA55C2-A865-4849-9BF6-4D5067BF6920
b119276422,x,http://digitalbooks.brooklynpubliclibrary.org/ContentDetails.htm?ID=5B4483F3-9E37-44E1-BAB0-A70BD2E2139D
b119276434,x,http://digitalbooks.brooklynpubliclibrary.org/ContentDetails.htm?ID=1B27A463-D26D-4075-8811-F4ED04F5AFD4
b11927825x,x,http://digitalbooks.brooklynpubliclibrary.org/ContentDetails.htm?ID=D1996B1B-8C90-4DD1-8CC8-5BBE905EA736
b119298703,x,http://digitalbooks.brooklynpubliclibrary.org/ContentDetails.htm?ID=5E2817D7-C933-432F-BE0F-A2D61245A7BB
b11929977x,x,http://digitalbooks.brooklynpubliclibrary.org/ContentDetails.htm?ID=6677FCD5-80BE-4427-88A3-1A37CFC9BEC7
b119304041,x,http://digitalbooks.brooklynpubliclibrary.org/ContentDetails.htm?ID=A794EAAA-768C-4365-967D-3622777640F8
b119304053,x,http://digitalbooks.brooklynpubliclibrary.org/ContentDetails.htm?ID=5199ACF1-E717-4371-B6FC-4851F2C03DEF
b119305318,x,http://digitalbooks.brooklynpubliclibrary.org/ContentDetails.htm?ID=8924434A-E14E-4CEF-8469-52553E13FC86
b119331366,x,http://digitalbooks.brooklynpubliclibrary.org/ContentDetails.htm?ID=56347D6D-3D72-433A-A540-CC70A7AA55B1
b119332231,x,http://digitalbooks.brooklynpubliclibrary.org/ContentDetails.htm?ID=472F1D0A-02A6-47FB-8BF3-B181AA3689E7
b119332887,x,http://digitalbooks.brooklynpubliclibrary.org/ContentDetails.htm?ID=1CEA65EA-21B2-4953-A909-FD9D8260F39A
b119332954,x,http://digitalbooks.brooklynpubliclibrary.org/ContentDetails.htm?ID=71470A8C-765F-4186-AA1B-653347B5EF30
b119388595,x,http://digitalbooks.brooklynpubliclibrary.org/ContentDetails.htm?ID=44E6F143-1911-4425-A13F-6BBC4283E590
b119425452,x,http://digitalbooks.brooklynpubliclibrary.org/ContentDetails.htm?ID=4D39806D-D326-455A-942A-F9A78728F272
b119446315,x,http://digitalbooks.brooklynpubliclibrary.org/ContentDetails.htm?ID=8A209AB9-8A2C-4436-8761-06180C91FF00
b119516548,x,http://digitalbooks.brooklynpubliclibrary.org/ContentDetails.htm?ID=31B238A9-47D7-46E1-A695-3DFAB1E90191
b119518065,x,http://digitalbooks.brooklynpubliclibrary.org/ContentDetails.htm?ID=8D7C4C83-BEDA-45B7-BDE6-AB6B1FA55D42
b119539457,x,http://digitalbooks.brooklynpubliclibrary.org/ContentDetails.htm?ID=5842FBF2-C2EF-4277-9745-F15E48C4DF16
b119539883,x,http://digitalbooks.brooklynpubliclibrary.org/ContentDetails.htm?ID=91FDFA4F-3C9B-4C6E-A521-4452A0CAC402
b119543333,x,http://digitalbooks.brooklynpubliclibrary.org/ContentDetails.htm?ID=29BEB580-4901-4E82-808A-B2D9C03DC247
b119578505,x,http://digitalbooks.brooklynpubliclibrary.org/ContentDetails.htm?ID=17DFD696-23FF-406F-BC44-1297AAE60C23
b119607852,x,http://digitalbooks.brooklynpubliclibrary.org/ContentDetails.htm?ID=42D4C15E-3A8E-445A-B09E-5520C9AAB9AE
b119607979,x,http://digitalbooks.brooklynpubliclibrary.org/ContentDetails.htm?ID=FE92A884-0729-4074-AEA9-0DCE08D1C50A
b11961120x,x,http://digitalbooks.brooklynpubliclibrary.org/ContentDetails.htm?ID=95FBFB3C-D9A7-4213-8706-8EA19C3157A0
b119611429,x,http://digitalbooks.brooklynpubliclibrary.org/ContentDetails.htm?ID=B9A5C396-6291-4DEC-B7E1-EBC174E287D0
b119624746,x,http://digitalbooks.brooklynpubliclibrary.org/ContentDetails.htm?ID=CB15C120-3999-4D7D-BC4F-A8F535C3F638
b119629719,x,http://digitalbooks.brooklynpubliclibrary.org/ContentDetails.htm?ID=5042756A-4F46-4495-8A16-A1EF410F2390
b119629768,x,http://digitalbooks.brooklynpubliclibrary.org/ContentDetails.htm?ID=340A3C43-9BBA-4730-8555-34EE7413B3C4
b119629811,x,http://digitalbooks.brooklynpubliclibrary.org/ContentDetails.htm?ID=F3178B4B-C111-4C8E-B3D3-F3B9133081B7
b119636943,x,http://digitalbooks.brooklynpubliclibrary.org/ContentDetails.htm?ID=F22627BE-7FDD-42FB-B6DA-83BF164F4D02
b119772115,x,http://digitalbooks.brooklynpubliclibrary.org/ContentDetails.htm?ID=827A6D82-B964-46A9-A17A-8AA0F6AD8697
b119773430,x,http://digitalbooks.brooklynpubliclibrary.org/ContentDetails.htm?ID=56CB8829-1061-4B23-B9A9-1C21CC077C59
b119791304,x,http://digitalbooks.brooklynpubliclibrary.org/ContentDetails.htm?ID=061A2CD6-16A0-4220-9901-FD62F967C1BB
b119796776,x,http://digitalbooks.brooklynpubliclibrary.org/ContentDetails.htm?ID=DC9C84BD-623C-44F7-A580-7ACA81624A15
b119815977,x,http://digitalbooks.brooklynpubliclibrary.org/ContentDetails.htm?ID=50A2D9BA-AF22-4B57-A473-A7D2E24F477B
b119876760,x,http://link.overdrive.com/?websiteID=89&titleID=2946847
b119892212,x,http://digitalbooks.brooklynpubliclibrary.org/ContentDetails.htm?ID=41726232-96D6-4A0E-A769-C2A9A1CAA07A
b119893058,x,http://digitalbooks.brooklynpubliclibrary.org/ContentDetails.htm?ID=6AC3BED4-DC62-4A65-AB64-9F3E3BFAFC7A
b119922137,x,http://link.overdrive.com/?websiteID=89&titleID=2902973
b120032478,x,http://link.overdrive.com/?websiteID=89&titleID=113704
b120034268,x,http://link.overdrive.com/?websiteID=89&titleID=2192431
b120053093,x,http://link.overdrive.com/?websiteID=89&titleID=617449
b120075088,x,http://digitalbooks.brooklynpubliclibrary.org/ContentDetails.htm?ID=249FC673-4D8F-45F8-B293-906A7019B8D6
b120109980,x,http://link.overdrive.com/?websiteID=89&titleID=3021961
b120133775,x,http://link.overdrive.com/?websiteID=89&titleID=2465771
b120133854,x,http://link.overdrive.com/?websiteID=89&titleID=2468931
b120133878,x,http://link.overdrive.com/?websiteID=89&titleID=2555789
b120159028,x,http://link.overdrive.com/?websiteID=89&titleID=3034401
b120161217,x,http://link.overdrive.com/?websiteID=89&titleID=2675773
b120161874,x,http://link.overdrive.com/?websiteID=89&titleID=1987487
b120162349,x,http://link.overdrive.com/?websiteID=89&titleID=2307411
b120184035,x,http://digitalbooks.brooklynpubliclibrary.org/ContentDetails.htm?ID=56FCEFD1-C2B7-4621-95C0-C41EAEE68206
b120184096,x,http://link.overdrive.com/?websiteID=89&titleID=2985842
b120184138,x,http://link.overdrive.com/?websiteID=89&titleID=3035503
b120184849,x,http://link.overdrive.com/?websiteID=89&titleID=3034452
b120197443,x,http://link.overdrive.com/?websiteID=89&titleID=785288
b120198034,x,http://link.overdrive.com/?websiteID=89&titleID=513200
b120239784,x,http://link.overdrive.com/?websiteID=89&titleID=3072710
b120244305,x,http://link.overdrive.com/?websiteID=89&titleID=2812896
b120244433,x,http://link.overdrive.com/?websiteID=89&titleID=2949461
b120255303,x,http://link.overdrive.com/?websiteID=89&titleID=2667813
b120306451,x,http://link.overdrive.com/?websiteID=89&titleID=2607043
b120306554,x,http://link.overdrive.com/?websiteID=89&titleID=3030579
b120448002,x,http://link.overdrive.com/?websiteID=89&titleID=3155615
b120494620,x,http://digitalbooks.brooklynpubliclibrary.org/ContentDetails.htm?ID=CE1FA50C-42BC-419B-A6CF-CDABAAD8C82B
b120495053,x,http://link.overdrive.com/?websiteID=89&titleID=2910304
b120500139,x,http://link.overdrive.com/?websiteID=89&titleID=3148847
b120501168,x,http://link.overdrive.com/?websiteID=89&titleID=2903046
b120502112,x,http://link.overdrive.com/?websiteID=89&titleID=3022309
b120509143,x,http://link.overdrive.com/?websiteID=89&titleID=2706318
b120512452,x,http://link.overdrive.com/?websiteID=89&titleID=2680838
b120550519,x,http://link.overdrive.com/?websiteID=89&titleID=2385979
b120785353,x,http://link.overdrive.com/?websiteID=89&titleID=2583223
b120786229,x,http://link.overdrive.com/?websiteID=89&titleID=510735
b120787325,x,http://link.overdrive.com/?websiteID=89&titleID=3136415
b120788858,x,http://link.overdrive.com/?websiteID=89&titleID=3342188
b120789735,x,http://link.overdrive.com/?websiteID=89&titleID=3057594
b120790324,x,http://link.overdrive.com/?websiteID=89&titleID=2869693
b120810852,x,http://link.overdrive.com/?websiteID=89&titleID=1316497
b120835034,x,http://link.overdrive.com/?websiteID=89&titleID=3215567
b12083523x,x,http://link.overdrive.com/?websiteID=89&titleID=2696954
b120836105,x,http://link.overdrive.com/?websiteID=89&titleID=3082115
b120844035,x,http://link.overdrive.com/?websiteID=89&titleID=3242857
b120861021,x,http://link.overdrive.com/?websiteID=89&titleID=3053106
b120861239,x,http://link.overdrive.com/?websiteID=89&titleID=2448130
b120861896,x,http://link.overdrive.com/?websiteID=89&titleID=3309839
b120862591,x,http://link.overdrive.com/?websiteID=89&titleID=2669530
b120868891,x,http://link.overdrive.com/?websiteID=89&titleID=2668079
b12089807x,x,http://link.overdrive.com/?websiteID=89&titleID=2580301
b120913197,x,http://link.overdrive.com/?websiteID=89&titleID=3205636
b120914682,x,http://link.overdrive.com/?websiteID=89&titleID=3327219
b120927536,x,http://link.overdrive.com/?websiteID=89&titleID=3296572
b120927809,x,http://link.overdrive.com/?websiteID=89&titleID=2580004
b120941235,x,http://link.overdrive.com/?websiteID=89&titleID=3326572
b120981956,x,http://link.overdrive.com/?websiteID=89&titleID=3566285
b121054342,x,http://link.overdrive.com/?websiteID=89&titleID=3602836
b121112718,x,http://link.overdrive.com/?websiteID=89&titleID=3368335
b121114272,x,http://link.overdrive.com/?websiteID=89&titleID=3248929
b121116682,x,http://link.overdrive.com/?websiteID=89&titleID=2469225
b121117522,x,http://link.overdrive.com/?websiteID=89&titleID=3177478
b121117662,x,http://link.overdrive.com/?websiteID=89&titleID=3262502
b121120211,x,http://link.overdrive.com/?websiteID=89&titleID=3680034
b121120223,x,http://link.overdrive.com/?websiteID=89&titleID=3680033
b121156412,x,http://link.overdrive.com/?websiteID=89&titleID=2456119
b121157258,x,http://link.overdrive.com/?websiteID=89&titleID=3089021
b121160622,x,http://link.overdrive.com/?websiteID=89&titleID=1175578
b121161754,x,http://link.overdrive.com/?websiteID=89&titleID=1974396
b121161821,x,http://link.overdrive.com/?websiteID=89&titleID=2523643
b121161882,x,http://link.overdrive.com/?websiteID=89&titleID=3587109
b121162230,x,http://link.overdrive.com/?websiteID=89&titleID=3487104
b121162631,x,http://link.overdrive.com/?websiteID=89&titleID=1974544
b121163878,x,http://link.overdrive.com/?websiteID=89&titleID=2098858
b12116388x,x,http://link.overdrive.com/?websiteID=89&titleID=2098874
b121164056,x,http://link.overdrive.com/?websiteID=89&titleID=1975084
b121164263,x,http://link.overdrive.com/?websiteID=89&titleID=1974982
b121164342,x,http://link.overdrive.com/?websiteID=89&titleID=2055766
b121164597,x,http://link.overdrive.com/?websiteID=89&titleID=2358700
b121164664,x,http://link.overdrive.com/?websiteID=89&titleID=2000627
b12116472x,x,http://link.overdrive.com/?websiteID=89&titleID=2000018
b121164780,x,http://link.overdrive.com/?websiteID=89&titleID=2029238
b121164809,x,http://link.overdrive.com/?websiteID=89&titleID=2098993
b121165796,x,http://link.overdrive.com/?websiteID=89&titleID=2010278
b121165991,x,http://link.overdrive.com/?websiteID=89&titleID=1987945
b121166235,x,http://link.overdrive.com/?websiteID=89&titleID=2511024
b121166387,x,http://link.overdrive.com/?websiteID=89&titleID=2079465
b121166594,x,http://link.overdrive.com/?websiteID=89&titleID=2261244
b121166648,x,http://link.overdrive.com/?websiteID=89&titleID=2261476
b121167008,x,http://link.overdrive.com/?websiteID=89&titleID=2685735
b12116715x,x,http://link.overdrive.com/?websiteID=89&titleID=2407288
b121167392,x,http://link.overdrive.com/?websiteID=89&titleID=2602027
b121167823,x,http://link.overdrive.com/?websiteID=89&titleID=2755221
b121168761,x,http://link.overdrive.com/?websiteID=89&titleID=3029360
b121169030,x,http://link.overdrive.com/?websiteID=89&titleID=2967149
b121169625,x,http://link.overdrive.com/?websiteID=89&titleID=3271846
b121193378,x,http://link.overdrive.com/?websiteID=89&titleID=3695246
b12119355x,x,http://link.overdrive.com/?websiteID=89&titleID=3296557
b121222020,x,http://link.overdrive.com/?websiteID=89&titleID=3151205
b121222251,x,http://link.overdrive.com/?websiteID=89&titleID=2523345
b121222317,x,http://link.overdrive.com/?websiteID=89&titleID=2600932
b121222561,x,http://link.overdrive.com/?websiteID=89&titleID=2523985
b121222901,x,http://link.overdrive.com/?websiteID=89&titleID=3578664
b121223863,x,http://link.overdrive.com/?websiteID=89&titleID=3139470
b121223875,x,http://link.overdrive.com/?websiteID=89&titleID=3139471
b12122434x,x,http://link.overdrive.com/?websiteID=89&titleID=2421851
b121224569,x,http://link.overdrive.com/?websiteID=89&titleID=2860670
b121248616,x,http://link.overdrive.com/?websiteID=89&titleID=3701102
b121351166,x,http://link.overdrive.com/?websiteID=89&titleID=3375978
b121379267,x,http://link.overdrive.com/?websiteID=89&titleID=3877678
b121379486,x,http://link.overdrive.com/?websiteID=89&titleID=3350218
b121379644,x,http://link.overdrive.com/?websiteID=89&titleID=3602420
b121380282,x,http://link.overdrive.com/?websiteID=89&titleID=3686224
b121385000,x,http://link.overdrive.com/?websiteID=89&titleID=2671001
b121385292,x,http://link.overdrive.com/?websiteID=89&titleID=2678802
b121385309,x,http://link.overdrive.com/?websiteID=89&titleID=2917504
b121388062,x,http://link.overdrive.com/?websiteID=89&titleID=3590122
b121412301,x,http://link.overdrive.com/?websiteID=89&titleID=3209540
b121480513,x,http://link.overdrive.com/?websiteID=89&titleID=3930968
b121537055,x,http://link.overdrive.com/?websiteID=89&titleID=4003547
b121537092,x,http://link.overdrive.com/?websiteID=89&titleID=3330932
b121616228,x,http://link.overdrive.com/?websiteID=89&titleID=4056785
b121759015,x,http://link.overdrive.com/?websiteID=89&titleID=1283111
b121761903,x,http://link.overdrive.com/?websiteID=89&titleID=3125263
b121762051,x,http://link.overdrive.com/?websiteID=89&titleID=317124
b12176459x,x,http://link.overdrive.com/?websiteID=89&titleID=2231132
b121987516,x,http://link.overdrive.com/?websiteID=89&titleID=346260
b122343116,x,http://link.overdrive.com/?websiteId=89&titleId=4666292
b122861541,x,http://link.overdrive.com/?websiteId=89&titleId=4191577
