C05592C5-A8C6-4D32-B889-D66F81D2979C,http://link.overdrive.com/?websiteID=37&titleID=8632
D3197D26-ADE2-4683-93BA-232934C8F34C,http://link.overdrive.com/?websiteID=37&titleID=53835
019F6159-4D76-44F8-A304-97FDAE88F6B3,http://link.overdrive.com/?websiteID=37&titleID=53496
AFC32790-54BE-4038-B55A-CD6742603A7D,http://link.overdrive.com/?websiteID=37&titleID=11119
801CE060-D5DE-4256-B5C2-0454BD55F2FB,http://link.overdrive.com/?websiteID=37&titleID=11123
FF218648-381B-4A83-9441-FAD8295C480A,http://link.overdrive.com/?websiteID=37&titleID=11118
58B20A0D-2066-401F-9176-5D327CD06A41,http://link.overdrive.com/?websiteID=37&titleID=11117
DB1B664B-AC62-4CAA-AECC-D89F38D37A2E,http://link.overdrive.com/?websiteID=37&titleID=11121
DFE401DA-DE8D-4B1D-830A-2DD686194D8F,http://link.overdrive.com/?websiteID=37&titleID=14083
A4970D94-D5FF-4F97-B82F-1EADB446E11B,http://link.overdrive.com/?websiteID=37&titleID=3080187
A3B1A994-4A9E-442C-9234-29DAACF24E40,http://link.overdrive.com/?websiteID=37&titleID=5089741
