D42B7FB1-F40F-4D43-A77E-35A63B028A19,http://link.overdrive.com/?websiteID=37&titleID=149045
2AA05401-0C51-4E57-BDB5-81007BF87C97,http://link.overdrive.com/?websiteID=37&titleID=149054
5D74233B-39AE-4D57-A5DE-D07C1FAD0647,http://link.overdrive.com/?websiteID=37&titleID=149055
FADF579F-E299-4780-8BDD-CA9E1142743D,http://link.overdrive.com/?websiteID=37&titleID=149056
27900D86-AC06-4441-A237-A64FD7FA642B,http://link.overdrive.com/?websiteID=37&titleID=149058
D5CF99E7-4021-4DE0-9BD3-C5B76EA9135A,http://link.overdrive.com/?websiteID=37&titleID=149059
E589847A-0B41-4FBE-9463-B8699A2F1DBC,http://link.overdrive.com/?websiteID=37&titleID=149089
64362CEE-9E6F-48B1-B40D-0B5325C7B55B,http://link.overdrive.com/?websiteID=37&titleID=149113
A753DDF0-E71A-4061-A41F-7F85FC42DF61,http://link.overdrive.com/?websiteID=37&titleID=149121
BE8A22FF-CCFF-4BD5-8493-0953BF084093,http://link.overdrive.com/?websiteID=37&titleID=149122
120BC77A-1BC9-4876-8AED-F9F30882C86D,http://link.overdrive.com/?websiteID=37&titleID=149133
04668545-E1A8-49C9-A558-46A5C1425B75,http://link.overdrive.com/?websiteID=37&titleID=149135
44FED91D-CD14-4FE5-B5AF-F11A76634A16,http://link.overdrive.com/?websiteID=37&titleID=149144
F66BD2B5-5C24-4C84-9621-59807F655B92,http://link.overdrive.com/?websiteID=37&titleID=149155
3005BEC6-6FD2-465F-8A36-BB29D72106D8,http://link.overdrive.com/?websiteID=37&titleID=149156
83CDA9DE-8739-41B5-9818-4DBF6258D615,http://link.overdrive.com/?websiteID=37&titleID=149157
EC996F6F-6D2A-4B6F-B944-76A8AA62DB55,http://link.overdrive.com/?websiteID=37&titleID=165623
30353FB2-E116-4B47-B7A1-1763C1AECD11,http://link.overdrive.com/?websiteID=37&titleID=165624
EB9D4FCE-874C-4AB1-9EF6-B49205C87707,http://link.overdrive.com/?websiteID=37&titleID=145814
0BCD39FD-C8BF-4EE7-BE89-D792EDA4425D,http://link.overdrive.com/?websiteID=37&titleID=165625
92AC4C9E-C0CE-475A-BEA2-80C903A65B6C,http://link.overdrive.com/?websiteID=37&titleID=165626
AAD5EEA3-0A09-4EE4-B2F1-3BB799221138,http://link.overdrive.com/?websiteID=37&titleID=145817
6D7C315E-A309-4E1F-939C-C4B6A021AE46,http://link.overdrive.com/?websiteID=37&titleID=165627
83FB80F2-6ED4-4C18-B208-C58BF9184F8D,http://link.overdrive.com/?websiteID=37&titleID=165630
EF1AED59-6FCE-457F-A22A-A1B79194258A,http://link.overdrive.com/?websiteID=37&titleID=145820
C57CE87E-37AF-4570-B5A5-61C03321FC93,http://link.overdrive.com/?websiteID=37&titleID=165631
3AC07099-0C91-4B90-81ED-95F14152C277,http://link.overdrive.com/?websiteID=37&titleID=145821
FA0DA858-525A-4A4D-B2B5-5C827E7A6776,http://link.overdrive.com/?websiteID=37&titleID=165632
A6F9E9E5-ED42-478C-969F-CC650D7F8179,http://link.overdrive.com/?websiteID=37&titleID=145822
C6AF1DE7-1E1F-4572-A80B-0A548E6972D3,http://link.overdrive.com/?websiteID=37&titleID=145823
C9B6B2C3-0A03-456C-BEBA-C83C30AB7F12,http://link.overdrive.com/?websiteID=37&titleID=165634
4BB46D40-7103-4445-8A27-6F29E0A6F3FF,http://link.overdrive.com/?websiteID=37&titleID=145825
C717FBDE-BC3F-44CD-91DC-AA19172C2654,http://link.overdrive.com/?websiteID=37&titleID=165635
D14CABC3-A6FE-4B07-832E-1F487AAEC6E5,http://link.overdrive.com/?websiteID=37&titleID=165636
D7CDF988-2393-4826-9D0F-EAB9208ADAFD,http://link.overdrive.com/?websiteID=37&titleID=165645
E4B8EB85-02CA-4647-AA46-ABD473C20BF6,http://link.overdrive.com/?websiteID=37&titleID=145826
28B3AF26-5D96-4899-91E9-C2A951F1FAB0,http://link.overdrive.com/?websiteID=37&titleID=165639
01091CC5-9372-44E4-8C8B-B06180BB0E14,http://link.overdrive.com/?websiteID=37&titleID=165646
A2F1A509-0613-4AE7-84AD-CA2F78DCF231,http://link.overdrive.com/?websiteID=37&titleID=165640
4B904BD0-DDB3-4ABA-B2C4-3505E45CE570,http://link.overdrive.com/?websiteID=37&titleID=165641
7E09762B-322A-40F9-B6F5-10701762BE4B,http://link.overdrive.com/?websiteID=37&titleID=165642
F2C9CB77-6405-4620-82E3-FF321CE384D2,http://link.overdrive.com/?websiteID=37&titleID=165648
10C233C0-2D0A-4405-B197-B15808D305B1,http://link.overdrive.com/?websiteID=37&titleID=157738
8FFA4379-9D54-4501-A9D5-ED4F2AC142CC,http://link.overdrive.com/?websiteID=37&titleID=157739
CC00F650-0472-4B30-909D-994A675C91BE,http://link.overdrive.com/?websiteID=37&titleID=157740
71D7850B-60D5-495D-A38A-A61CD4CFDC2C,http://link.overdrive.com/?websiteID=37&titleID=157781
6D154A91-4ACB-478E-AB73-AD786620A569,http://link.overdrive.com/?websiteID=37&titleID=157745
F5F68575-D3CC-450E-AA28-9D016BDEBC67,http://link.overdrive.com/?websiteID=37&titleID=157746
435A16C8-C499-4E10-B93A-8D4F6CF04A4C,http://link.overdrive.com/?websiteID=37&titleID=169379
0C413975-DFE3-4143-B5B5-A17CB855C0AB,http://link.overdrive.com/?websiteID=37&titleID=158732
711416C0-9A92-4EFA-BB94-1DD7A66ADDB2,http://link.overdrive.com/?websiteID=37&titleID=180574
41BB65F0-DAFB-4B59-89C0-16B1E0CE443C,http://link.overdrive.com/?websiteID=37&titleID=180575
5EF8B73B-D415-4E8F-85C3-94E81CF847FA,http://link.overdrive.com/?websiteID=37&titleID=180577
08DDC488-1103-4D12-A03A-1FA96A422965,http://link.overdrive.com/?websiteID=37&titleID=180578
7B3F917D-AF00-4F76-ABBE-C30C7D2C105B,http://link.overdrive.com/?websiteID=37&titleID=180582
D8CF9C7F-9526-4E17-8D4B-E15CEF3B762D,http://link.overdrive.com/?websiteID=37&titleID=180587
8C34457B-E88F-4B44-85F8-4CC19AC1FCFA,http://link.overdrive.com/?websiteID=37&titleID=180591
932AC379-08FC-43E9-8735-57ADF87B6373,http://link.overdrive.com/?websiteID=37&titleID=180592
5FDA4A6B-391F-47A6-B062-8BFE1A4B31E0,http://link.overdrive.com/?websiteID=37&titleID=180593
90D4DE47-8C65-4B6D-9BBB-220809021D26,http://link.overdrive.com/?websiteID=37&titleID=180595
37CE4194-AAFB-47B9-83E7-F7D06EF775F6,http://link.overdrive.com/?websiteID=37&titleID=180596
39C5C121-4B67-4112-AAF2-91E9E1E54AF5,http://link.overdrive.com/?websiteID=37&titleID=180603
96C913A2-DEFA-47A8-8C9D-5F5F05F23054,http://link.overdrive.com/?websiteID=37&titleID=172300
67723988-64F7-4E29-A3F4-54134B344E5E,http://link.overdrive.com/?websiteID=37&titleID=172304
C349DA6D-62CB-4BA5-B328-911E3D5B8233,http://link.overdrive.com/?websiteID=37&titleID=172358
3DED3EB6-C9A8-49D4-A973-005083536E0F,http://link.overdrive.com/?websiteID=37&titleID=172367
DDCDF66C-580A-4D2E-9B14-6B9813774481,http://link.overdrive.com/?websiteID=37&titleID=605077
695C6039-443E-4A4B-96A9-BC7DB4FED496,http://link.overdrive.com/?websiteID=37&titleID=605086
2555A49B-E4AE-44D3-BEBB-C614DD6CD8F8,http://link.overdrive.com/?websiteID=37&titleID=605091
151FB13E-6D4C-47A4-B494-26C0E4AD643B,http://link.overdrive.com/?websiteID=37&titleID=605092
8FE14D09-A5D6-4AF9-8414-E106F40575BD,http://link.overdrive.com/?websiteID=37&titleID=111824
F61781B2-BD95-477A-A90D-A7A93AD00FB9,http://link.overdrive.com/?websiteID=37&titleID=111825
C338FD4A-EA3E-4B3D-9F8E-E9E6513B935C,http://link.overdrive.com/?websiteID=37&titleID=111829
DFE1C98A-8A2D-45C2-904A-0118F5BEFE8A,http://link.overdrive.com/?websiteID=37&titleID=110833
9099ECF7-84C0-439A-9296-274C57B84DD4,http://link.overdrive.com/?websiteID=37&titleID=84756
42E4B6CB-66BB-4C63-A053-8DD993DC48EF,http://link.overdrive.com/?websiteID=37&titleID=84235
FB07A9D7-0AD9-402E-BB2B-DB3B592D5154,http://link.overdrive.com/?websiteID=37&titleID=84255
DEC82BE4-D49A-430A-A336-FACCCD7D1CE7,http://link.overdrive.com/?websiteID=37&titleID=84256
FD4D90FF-ED38-42B8-A38E-9EABCA3E8C34,http://link.overdrive.com/?websiteID=37&titleID=84257
CF4FD6AA-459D-4E80-ACE0-789DF102FD52,http://link.overdrive.com/?websiteID=37&titleID=84258
AB50549F-136C-417F-B794-918147EFBE3A,http://link.overdrive.com/?websiteID=37&titleID=84259
52BCDCD7-3479-4274-A211-18080D7EEE11,http://link.overdrive.com/?websiteID=37&titleID=84260
53CD83E2-4E5B-40F5-8F61-9C93A899E14A,http://link.overdrive.com/?websiteID=37&titleID=84270
6D85E920-7DB8-4BB1-AD05-B5E751580427,http://link.overdrive.com/?websiteID=37&titleID=84592
8D003044-6AF4-4BE2-AB38-D79CD0C1676D,http://link.overdrive.com/?websiteID=37&titleID=84613
19EB6AFC-4E52-429A-B680-F2B769463B86,http://link.overdrive.com/?websiteID=37&titleID=84635
C8F6BF2B-2FF3-465F-9EA8-681B5DCAFD13,http://link.overdrive.com/?websiteID=37&titleID=84637
1B21C99F-5824-473B-A8D7-8CE57EB187ED,http://link.overdrive.com/?websiteID=37&titleID=84639
5E65A8A0-E8F5-43E3-AB72-FAC02A725454,http://link.overdrive.com/?websiteID=37&titleID=84641
8C9359E2-3DEE-42E9-821E-799B2CB1A7C5,http://link.overdrive.com/?websiteID=37&titleID=84643
70FF1EDC-BFF8-4C13-AFF7-8C93DCBDC0F3,http://link.overdrive.com/?websiteID=37&titleID=84645
82A6D6F0-CC88-45E5-822F-53979F5E9B56,http://link.overdrive.com/?websiteID=37&titleID=84647
5EAF0328-F92C-4EA3-943F-84998464C5AD,http://link.overdrive.com/?websiteID=37&titleID=84649
819CD516-E9B9-4B66-AFA0-D352007AC435,http://link.overdrive.com/?websiteID=37&titleID=84651
878EBBAB-017F-4FD0-BBB1-1A6777EB7715,http://link.overdrive.com/?websiteID=37&titleID=84653
CEF4D4B2-FE46-4B12-B44C-264C061BFA33,http://link.overdrive.com/?websiteID=37&titleID=84873
37B412C3-3AFE-4C4F-ABA4-2C6C370B762A,http://link.overdrive.com/?websiteID=37&titleID=84878
599B265C-DFE3-4B99-8369-F331A29C9102,http://link.overdrive.com/?websiteID=37&titleID=84865
3D0EDBE8-335D-44FA-9CE5-4EA0637545AD,http://link.overdrive.com/?websiteID=37&titleID=84019
8E4DC884-737F-4498-BDCE-6714D93B1A87,http://link.overdrive.com/?websiteID=37&titleID=84152
F8A1CCF0-F4F7-47B1-A41C-343740B119BA,http://link.overdrive.com/?websiteID=37&titleID=84749
39AC64DA-6606-41A5-948A-21D76DDE099F,http://link.overdrive.com/?websiteID=37&titleID=84751
A04EBDBE-B9C0-4048-B56E-D0AA13757D28,http://link.overdrive.com/?websiteID=37&titleID=83977
93BE57D1-B3BC-4490-BCB7-E822814915AE,http://link.overdrive.com/?websiteID=37&titleID=83987
8760DA41-8ACD-4796-B707-525CE8A76CFA,http://link.overdrive.com/?websiteID=37&titleID=83990
8ECD7B88-C729-46D3-A665-9F80E9740069,http://link.overdrive.com/?websiteID=37&titleID=84009
339FDFD7-179E-4B53-8BBB-14AE31768EA2,http://link.overdrive.com/?websiteID=37&titleID=84049
EEB841E8-1EEA-485A-BD56-9640147FAE4F,http://link.overdrive.com/?websiteID=37&titleID=84059
610123E4-52D9-42CC-83F2-DBCA6FB8AA36,http://link.overdrive.com/?websiteID=37&titleID=84130
71353C6F-A5AF-4247-8E86-31EC0ADACE0F,http://link.overdrive.com/?websiteID=37&titleID=84132
6D1B05E1-8F5F-4E8A-B686-FE78F3AC2698,http://link.overdrive.com/?websiteID=37&titleID=84158
9FC867A6-B1F4-4E9D-A082-17D00ECE7009,http://link.overdrive.com/?websiteID=37&titleID=84238
61267596-B95F-4626-8E22-502730D99076,http://link.overdrive.com/?websiteID=37&titleID=84247
F1A43D0C-00D4-4BDF-8F05-1CFB8656297C,http://link.overdrive.com/?websiteID=37&titleID=84774
F5A20F9E-BA6D-407C-B749-3854E5480A1D,http://link.overdrive.com/?websiteID=37&titleID=84372
5A4C6421-E892-4F28-B8CC-B4FADFDB03C3,http://link.overdrive.com/?websiteID=37&titleID=84377
77AAC96F-6078-418E-97DE-BE8BD647CD08,http://link.overdrive.com/?websiteID=37&titleID=83965
F72E47F5-919A-4D24-A733-C2D03A5BFECF,http://link.overdrive.com/?websiteID=37&titleID=84868
7A13D9C3-C4C2-49EA-9BD6-7B5EC146F142,http://link.overdrive.com/?websiteID=37&titleID=83921
A43BAB96-6622-49CA-9200-628AF1F8AA6D,http://link.overdrive.com/?websiteID=37&titleID=83978
3178DCFD-2151-4C62-9D83-0445E5BCCEB3,http://link.overdrive.com/?websiteID=37&titleID=83998
244A3F70-6577-4C7A-AEC2-5098129923DB,http://link.overdrive.com/?websiteID=37&titleID=84021
8D4B823F-C623-499E-99CA-CC67811B40FD,http://link.overdrive.com/?websiteID=37&titleID=84035
4744C894-1ABA-4B64-9FF4-CB496FD2E5A8,http://link.overdrive.com/?websiteID=37&titleID=84043
453DA090-AE3F-4E4B-BE22-A8405FEBE6C8,http://link.overdrive.com/?websiteID=37&titleID=84047
1E54C906-4380-408F-8688-20C5021D3E30,http://link.overdrive.com/?websiteID=37&titleID=84055
CEEB615C-55F4-4872-B39C-A03FEC9A0707,http://link.overdrive.com/?websiteID=37&titleID=84060
C44B7BA7-F102-4355-B32C-0DD2AF99E2EE,http://link.overdrive.com/?websiteID=37&titleID=84084
C2D219DC-2A32-456B-AA07-3D2AD2D2862E,http://link.overdrive.com/?websiteID=37&titleID=84099
C53F79DE-A54B-49A7-816D-F658D4C688B8,http://link.overdrive.com/?websiteID=37&titleID=84717
5AAFCAEE-97C3-4EF5-A757-58E9FC3E70F8,http://link.overdrive.com/?websiteID=37&titleID=84105
29EC5198-E39E-4C84-A942-DA1723CF1D28,http://link.overdrive.com/?websiteID=37&titleID=84112
9DB12FD6-76E7-4DB7-B9E8-7DE3AEEFE234,http://link.overdrive.com/?websiteID=37&titleID=84148
FC2F8C25-FBD9-4F97-9F54-6922B947D2B3,http://link.overdrive.com/?websiteID=37&titleID=84153
F304B2E5-8DC3-45F1-992E-926890E33C08,http://link.overdrive.com/?websiteID=37&titleID=84174
4143EF45-1DAF-4E8C-B060-FBF2D333A8FA,http://link.overdrive.com/?websiteID=37&titleID=84190
0CEE1C6B-E0B6-47F2-978A-4D3AFAEA254A,http://link.overdrive.com/?websiteID=37&titleID=84199
1CE4AF7D-DF48-42EF-8716-36495755F1D9,http://link.overdrive.com/?websiteID=37&titleID=84202
580E3817-4903-4ED5-A943-622873825A25,http://link.overdrive.com/?websiteID=37&titleID=84248
71045AF5-BB6B-4758-8D05-224597D04C6E,http://link.overdrive.com/?websiteID=37&titleID=84252
90683656-B276-4D8D-A2D7-E1EE08CAE4DB,http://link.overdrive.com/?websiteID=37&titleID=84275
E58A8010-7D36-45E9-8F1A-FA4B7B29ADDB,http://link.overdrive.com/?websiteID=37&titleID=84298
CBA14601-9A64-42A9-B88A-96CD66E5F24B,http://link.overdrive.com/?websiteID=37&titleID=84299
B2661C49-B289-4DAE-9E2B-EBBED8CA9597,http://link.overdrive.com/?websiteID=37&titleID=83931
E9756EBA-24C5-4E04-A464-C8628D22250A,http://link.overdrive.com/?websiteID=37&titleID=84784
6105607C-C219-4AFD-B10C-2F8E23486783,http://link.overdrive.com/?websiteID=37&titleID=84785
25CC8CBA-2B62-4CB7-8118-F2161C9BFA57,http://link.overdrive.com/?websiteID=37&titleID=84401
46F95BE4-E5BA-4D7F-B9F5-D11C7A1220F8,http://link.overdrive.com/?websiteID=37&titleID=84411
70A75A4D-1CF6-4D3A-94D4-764CA5EF7570,http://link.overdrive.com/?websiteID=37&titleID=84791
6BCB9642-3F0A-44D3-8F00-E305F0055DE2,http://link.overdrive.com/?websiteID=37&titleID=84442
18D21521-DB25-4439-BBEC-F37ED990B07A,http://link.overdrive.com/?websiteID=37&titleID=84453
FBB065EB-2FDB-4AE7-A71E-E8FD7D993904,http://link.overdrive.com/?websiteID=37&titleID=84460
61727E9E-EDA1-4D45-84C2-B46EE6F9B1CF,http://link.overdrive.com/?websiteID=37&titleID=84461
DDC9ED7D-05A0-4438-8EB4-96EB8AB82603,http://link.overdrive.com/?websiteID=37&titleID=84462
C3CD8BD8-0CB1-49E0-8A53-3E5436D06C1D,http://link.overdrive.com/?websiteID=37&titleID=84506
EC22C290-3C19-4D06-BEBF-43BA842431AD,http://link.overdrive.com/?websiteID=37&titleID=84804
C45124A1-3ED5-4CA8-A545-A0F96A41BFA2,http://link.overdrive.com/?websiteID=37&titleID=84524
6B9A3993-72EE-436C-9499-582003E173E8,http://link.overdrive.com/?websiteID=37&titleID=84571
F5974D00-C02A-4B35-90B1-CD0B6B739990,http://link.overdrive.com/?websiteID=37&titleID=84660
DCED78C5-ABF8-4238-AE99-B12F2CA56067,http://link.overdrive.com/?websiteID=37&titleID=84892
14185DA3-3895-49BB-938F-79AC6ECE771F,http://link.overdrive.com/?websiteID=37&titleID=84908
FC4E6C0E-FD82-4CE8-9EDB-7A028C62F125,http://link.overdrive.com/?websiteID=37&titleID=84916
2689A861-6DD0-4D8F-8431-9A6663D89D90,http://link.overdrive.com/?websiteID=37&titleID=84918
8150CAFE-886A-486E-94A5-9800DB9CA339,http://link.overdrive.com/?websiteID=37&titleID=84929
16FC9BD9-DBBF-4005-9786-2581C79146C2,http://link.overdrive.com/?websiteID=37&titleID=84930
3D2E53D1-A27E-4CAD-9056-94604C779F5B,http://link.overdrive.com/?websiteID=37&titleID=84932
E45E6442-6F78-4B66-8420-B644F5CD5BBE,http://link.overdrive.com/?websiteID=37&titleID=84933
F125D727-401D-4EA5-ABAC-FD861DA9A995,http://link.overdrive.com/?websiteID=37&titleID=84934
00EB1642-04EA-4474-8824-F1B9D5C0A3FF,http://link.overdrive.com/?websiteID=37&titleID=84935
919DB03E-0EF9-404B-B7C5-8BABA5978AC3,http://link.overdrive.com/?websiteID=37&titleID=84949
20BD32C8-BDE7-4EAE-A27E-2992B76C601C,http://link.overdrive.com/?websiteID=37&titleID=83996
3CE8BCE1-E79F-4427-8481-F69B30770C5F,http://link.overdrive.com/?websiteID=37&titleID=84025
AA35C967-8B72-4092-AB0D-D4AF9F3E811F,http://link.overdrive.com/?websiteID=37&titleID=84026
ED23B517-0AAF-4774-BB9A-AD23BECB5589,http://link.overdrive.com/?websiteID=37&titleID=84196
394DE3F4-5DF6-49C8-A04F-16828452F501,http://link.overdrive.com/?websiteID=37&titleID=84512
8FC406C0-36EE-4BAF-A74F-E318FF0ADE9A,http://link.overdrive.com/?websiteID=37&titleID=84527
ACDE3662-44E2-4DE6-97EF-5341FB8B0594,http://link.overdrive.com/?websiteID=37&titleID=84528
A885B73C-7338-49C5-AE54-90B5D78010A8,http://link.overdrive.com/?websiteID=37&titleID=84529
5E81AB0F-DF81-41B9-A27F-1CFBF9368D0B,http://link.overdrive.com/?websiteID=37&titleID=84563
FDA1BABF-DDC2-4B0E-891C-C5BF58A78754,http://link.overdrive.com/?websiteID=37&titleID=84599
D3C5CA6E-242F-4BBF-8337-4F4AAECAB52E,http://link.overdrive.com/?websiteID=37&titleID=83992
2F695EA6-1857-4FE1-B83D-A27CFFBA8EA1,http://link.overdrive.com/?websiteID=37&titleID=84008
270793D7-D989-485C-BE1D-A465A2C61723,http://link.overdrive.com/?websiteID=37&titleID=84018
744416EE-B29D-47D9-8B02-7339E9B08383,http://link.overdrive.com/?websiteID=37&titleID=84706
79A2C8A9-88FC-4B17-93CF-EB7DB8C22805,http://link.overdrive.com/?websiteID=37&titleID=84708
F539F873-432B-4B1B-B7BA-B2BE7AEFACE7,http://link.overdrive.com/?websiteID=37&titleID=84061
68B1124C-273D-42BE-8A7E-F81F774AF54E,http://link.overdrive.com/?websiteID=37&titleID=84062
34B34BC1-C44B-48AA-ADF1-9D788E537DE8,http://link.overdrive.com/?websiteID=37&titleID=84138
07D37F23-D324-425B-A262-E01122EAD47C,http://link.overdrive.com/?websiteID=37&titleID=84139
486CD962-B7DA-4273-A648-C1107C4D7922,http://link.overdrive.com/?websiteID=37&titleID=84168
D0A7F91A-8AE2-448E-8EDA-C4184EA5F705,http://link.overdrive.com/?websiteID=37&titleID=84741
DB65F578-865C-41A1-9BED-A87642EBF55D,http://link.overdrive.com/?websiteID=37&titleID=84742
A86A8DDE-DC34-4028-9910-84DFF6892BB6,http://link.overdrive.com/?websiteID=37&titleID=84743
01013852-774A-478A-9052-EA5705943D25,http://link.overdrive.com/?websiteID=37&titleID=84198
5C184FDB-3FA7-43D6-B950-522CDA2F4271,http://link.overdrive.com/?websiteID=37&titleID=84750
B9915179-72DC-469D-A9C2-D51FE44E46BF,http://link.overdrive.com/?websiteID=37&titleID=84754
E429BE41-7B84-4ED9-8C8C-C063258C343B,http://link.overdrive.com/?websiteID=37&titleID=84757
B4023646-DAD0-467B-9CFF-7597C84BD4CE,http://link.overdrive.com/?websiteID=37&titleID=84205
0D9BB5CF-5275-4A6D-832F-9F6F5292925C,http://link.overdrive.com/?websiteID=37&titleID=84758
F6295E6A-806E-4EF0-BB57-C2131937752A,http://link.overdrive.com/?websiteID=37&titleID=84303
AC5ECFC7-D3F8-4A6C-AE4A-5FC83A5A097E,http://link.overdrive.com/?websiteID=37&titleID=84304
8D0C5B69-3A99-4C23-90C4-2E420EE58277,http://link.overdrive.com/?websiteID=37&titleID=84352
889B82F8-3F2D-4975-836D-D805B5CFB660,http://link.overdrive.com/?websiteID=37&titleID=84359
BED2D92C-0AAF-487E-B7FB-4B222F3106B5,http://link.overdrive.com/?websiteID=37&titleID=84360
D5832591-4BC7-45F1-A8DB-8F56C6A819A6,http://link.overdrive.com/?websiteID=37&titleID=84361
37AD4817-126C-4755-8EC3-FC910BBB06C6,http://link.overdrive.com/?websiteID=37&titleID=84362
77192C9A-8F6C-45B9-9DF8-1989650F2E65,http://link.overdrive.com/?websiteID=37&titleID=84369
599484AF-99D8-4DAB-BE4B-A0B0E9BA63D6,http://link.overdrive.com/?websiteID=37&titleID=84371
F69B740B-AFBF-4F42-8DD3-440C52D87316,http://link.overdrive.com/?websiteID=37&titleID=84781
E70E9FA7-B96C-476C-94FF-BF30D2C75E71,http://link.overdrive.com/?websiteID=37&titleID=84783
F0E66466-15F8-42E1-A390-93DE89CA2171,http://link.overdrive.com/?websiteID=37&titleID=84794
88C0C91C-B582-47F1-89D5-DBC157FB2FFA,http://link.overdrive.com/?websiteID=37&titleID=84446
9D47DDC6-D77F-40FF-ADEB-DE846435C007,http://link.overdrive.com/?websiteID=37&titleID=84447
69559039-55BB-4656-B28F-D9F045138AA0,http://link.overdrive.com/?websiteID=37&titleID=84448
7CFF2C60-12C5-44D5-842A-3A49D4FB1CC3,http://link.overdrive.com/?websiteID=37&titleID=84799
B0BBE762-45F4-480B-94EC-A25A5E7E7A3A,http://link.overdrive.com/?websiteID=37&titleID=84489
AD192DBA-F17B-4FB7-85AA-8FD45A1FC4AD,http://link.overdrive.com/?websiteID=37&titleID=84508
C580407F-61AB-497B-9FE3-759498081A60,http://link.overdrive.com/?websiteID=37&titleID=84513
45FA656F-C9B7-4C78-B33E-3541EB3813CB,http://link.overdrive.com/?websiteID=37&titleID=84514
C6510E03-1921-4037-ACEB-3ACAC5D56EE3,http://link.overdrive.com/?websiteID=37&titleID=84515
313D05E7-E5E9-4B5F-915B-BC94DE237EBC,http://link.overdrive.com/?websiteID=37&titleID=84535
B23C2595-4027-49C5-AB33-91E4C8FEE690,http://link.overdrive.com/?websiteID=37&titleID=84555
291BFF81-18A1-49FF-9696-1322F7A74250,http://link.overdrive.com/?websiteID=37&titleID=84565
27CDF9C0-845E-4FDF-91D1-8C388D83AA7C,http://link.overdrive.com/?websiteID=37&titleID=84575
EAFF09BB-8725-45FE-82D7-3BB318F9053A,http://link.overdrive.com/?websiteID=37&titleID=84834
299D56FF-73AF-4DC9-93FC-E0C734C6B6A3,http://link.overdrive.com/?websiteID=37&titleID=84627
0A215A3F-4B8F-494F-8471-8E11A5F27403,http://link.overdrive.com/?websiteID=37&titleID=84837
93FA8551-6FEF-4C90-8F2E-FB26DA771DA5,http://link.overdrive.com/?websiteID=37&titleID=84630
81635E66-743A-4653-85EA-4DF4B2B6BACE,http://link.overdrive.com/?websiteID=37&titleID=84842
8D7A28F4-6DCD-47A0-B48E-A7AB30A63294,http://link.overdrive.com/?websiteID=37&titleID=84843
99F0391B-3F19-415C-AB9D-9E5DF87E7DCC,http://link.overdrive.com/?websiteID=37&titleID=84846
4C911CBD-F50F-4F6B-9559-F660027C72B0,http://link.overdrive.com/?websiteID=37&titleID=84874
0AAE0281-AA87-43CE-A56B-0EB861C5F88C,http://link.overdrive.com/?websiteID=37&titleID=84847
CF3CA011-DDC3-4647-ABF1-D02B1AE402BD,http://link.overdrive.com/?websiteID=37&titleID=84853
F3B1E9C4-6FBC-4C15-8A4E-DE39689367FE,http://link.overdrive.com/?websiteID=37&titleID=84856
C5A9ACA9-78F4-4EA3-A368-E5A316B2F60E,http://link.overdrive.com/?websiteID=37&titleID=84861
14EAD444-4F0C-47AA-941A-D56C851755CC,http://link.overdrive.com/?websiteID=37&titleID=96240
B6174AED-7F2B-4C91-9500-2297C626AA5A,http://link.overdrive.com/?websiteID=37&titleID=97313
CD278B04-379C-4E6B-BE6A-6B8A8BA3DCF8,http://link.overdrive.com/?websiteID=37&titleID=96241
9F149AB4-67BE-4509-88BA-466F71FFFAB6,http://link.overdrive.com/?websiteID=37&titleID=96244
58C7CAC7-EF5B-45B7-B6A2-4BBB490EF9D5,http://link.overdrive.com/?websiteID=37&titleID=96247
46CC1DF1-F9AD-4AA1-9373-B15A243B9148,http://link.overdrive.com/?websiteID=37&titleID=96249
A03BCE3E-E403-481A-961C-C32BB0889AE1,http://link.overdrive.com/?websiteID=37&titleID=96250
C7F1116D-9853-45AB-A8E4-B2D55CD82381,http://link.overdrive.com/?websiteID=37&titleID=96061
A91E3AA4-FF23-4D24-9F28-FCE0D17561E5,http://link.overdrive.com/?websiteID=37&titleID=96072
C896347F-AFC3-42E8-A068-3154EED356B4,http://link.overdrive.com/?websiteID=37&titleID=96062
F92EB5E1-E64F-4018-B7B1-0A4A69F93E42,http://link.overdrive.com/?websiteID=37&titleID=96063
8B2A6C96-ADBE-495C-B697-0FCAF7376DFA,http://link.overdrive.com/?websiteID=37&titleID=96065
3DCC6943-8398-4268-8993-DF2D1C830BF7,http://link.overdrive.com/?websiteID=37&titleID=96073
3E703604-E766-424C-B906-F167C24C2FE6,http://link.overdrive.com/?websiteID=37&titleID=96074
5F8F3001-CF88-48EE-9A27-B627BA65D1D1,http://link.overdrive.com/?websiteID=37&titleID=96066
8AA43AF1-C660-49CE-A4F8-B51F6DAEE541,http://link.overdrive.com/?websiteID=37&titleID=96067
29A00093-086B-4405-A643-FDD53D3F528D,http://link.overdrive.com/?websiteID=37&titleID=96068
90374813-43FB-461A-96BA-4211F9DDF75E,http://link.overdrive.com/?websiteID=37&titleID=96069
8CA46E69-A5BA-451C-B801-214A6CEEEB21,http://link.overdrive.com/?websiteID=37&titleID=96070
8F311232-708C-4C3D-9469-51302B12DCC6,http://link.overdrive.com/?websiteID=37&titleID=96071
BEB666DC-76BB-41D5-8CD0-F819BDF5306E,http://link.overdrive.com/?websiteID=37&titleID=96075
A9156759-BBCB-418F-A072-34E92007652F,http://link.overdrive.com/?websiteID=37&titleID=96076
55204F8C-6ECF-470E-9CA0-3CF82E5C1350,http://link.overdrive.com/?websiteID=37&titleID=180436
2A589205-01ED-4E04-A4A1-1E6A9B6F64D6,http://link.overdrive.com/?websiteID=37&titleID=104178
41B3C382-1486-4E78-87F1-EB74A9E492FD,http://link.overdrive.com/?websiteID=37&titleID=104180
F232D8F5-C121-451B-BE21-64EED2D35F1F,http://link.overdrive.com/?websiteID=37&titleID=104181
D07E1C67-897A-42FF-94AE-DA13162C39B1,http://link.overdrive.com/?websiteID=37&titleID=104185
7DDEE40C-DFD5-4B30-9DE1-355D0FFCE660,http://link.overdrive.com/?websiteID=37&titleID=104186
3653C5F6-BB50-49A9-BCC9-EA695F798480,http://link.overdrive.com/?websiteID=37&titleID=104187
21F3C3D5-A5CB-4E38-AA4F-76848A3BD155,http://link.overdrive.com/?websiteID=37&titleID=104189
E95CC48E-F153-43D0-983F-BEE1AAD723B3,http://link.overdrive.com/?websiteID=37&titleID=104190
F3662C39-3AAE-4E6F-B41E-470E95678F5C,http://link.overdrive.com/?websiteID=37&titleID=125578
B04C109B-8D07-4E81-A58F-5FB85095E8EA,http://link.overdrive.com/?websiteID=37&titleID=104192
56AC72FB-5787-47C7-AEED-DF09205C8BB6,http://link.overdrive.com/?websiteID=37&titleID=103934
A58D9CDA-9BD7-453E-8973-13FCAAA10932,http://link.overdrive.com/?websiteID=37&titleID=104198
AD0DA584-B229-4A9A-A9D3-05EF44749251,http://link.overdrive.com/?websiteID=37&titleID=104201
92044B9D-7D56-415C-9FD6-C0551DB114EC,http://link.overdrive.com/?websiteID=37&titleID=104202
C9DED928-9186-4F3E-815F-998F71439AB0,http://link.overdrive.com/?websiteID=37&titleID=104206
9D11FE42-F1F7-41EC-BE4C-F02EDF04ED83,http://link.overdrive.com/?websiteID=37&titleID=103936
B9AEBE33-9C8E-48CE-A474-67E9F07E1B10,http://link.overdrive.com/?websiteID=37&titleID=104207
B7ECE3A1-B10B-46C5-B7F7-7B02BE35B34D,http://link.overdrive.com/?websiteID=37&titleID=104209
2C636C28-49E1-4DFF-A251-8023254EBA3B,http://link.overdrive.com/?websiteID=37&titleID=104213
C4B2A90F-4BE3-443B-8C51-B2190396CAC9,http://link.overdrive.com/?websiteID=37&titleID=103935
EEECB5C4-5975-46B7-8078-0BB3A5EE3FA4,http://link.overdrive.com/?websiteID=37&titleID=104214
52FF9A4A-1F21-419B-9B1B-6D41DF2EC514,http://link.overdrive.com/?websiteID=37&titleID=104215
A77538A0-9126-4A90-B0A4-8E563276334B,http://link.overdrive.com/?websiteID=37&titleID=104217
4D719B8A-2428-4E92-9859-80F9C722F980,http://link.overdrive.com/?websiteID=37&titleID=132757
60A145DB-ACC6-426B-81A1-292712D5982C,http://link.overdrive.com/?websiteID=37&titleID=105859
91D1DA29-8519-4BA0-A68F-98E05463FD7B,http://link.overdrive.com/?websiteID=37&titleID=107806
C7B09C72-752A-42B4-98DA-CDDF6D6A039D,http://link.overdrive.com/?websiteID=37&titleID=105868
884C6279-BCF5-46BD-8D89-B803B4E0D942,http://link.overdrive.com/?websiteID=37&titleID=132763
A949A56D-E5F5-48B5-99CC-4C8F2F2508A1,http://link.overdrive.com/?websiteID=37&titleID=105876
B8429698-CD93-46AC-9A10-181A0325D9DD,http://link.overdrive.com/?websiteID=37&titleID=119331
6D353E2D-EAF7-48B3-A5E6-FADFE4B1E220,http://link.overdrive.com/?websiteID=37&titleID=113175
B88FCCAC-2710-48FA-95B2-0F17986E358A,http://link.overdrive.com/?websiteID=37&titleID=115252
D6D863E8-8A9B-4B2F-977A-243C2D7D2639,http://link.overdrive.com/?websiteID=37&titleID=113179
F04EEC32-17F9-4895-987E-7BF409B03BD2,http://link.overdrive.com/?websiteID=37&titleID=111249
7F10E6C6-553F-49B7-A77D-5DB93609F160,http://link.overdrive.com/?websiteID=37&titleID=111845
0684AFA5-722F-4241-BE88-F2B8546D71B4,http://link.overdrive.com/?websiteID=37&titleID=113313
85F88DDD-F483-44DA-9CBD-0934E753A711,http://link.overdrive.com/?websiteID=37&titleID=113184
826FEC45-73AF-4E08-BE34-259A0D0A9387,http://link.overdrive.com/?websiteID=37&titleID=114802
78BACDD4-88CC-4BFB-A3A0-124CDCCA7695,http://link.overdrive.com/?websiteID=37&titleID=111846
EFFEF9CB-B555-4B48-B4DD-F6A937FDA160,http://link.overdrive.com/?websiteID=37&titleID=111902
AB567D10-C83B-4385-9582-FB020F6CD872,http://link.overdrive.com/?websiteID=37&titleID=113187
B65A8A88-EF72-4B24-AA6F-31379A38A954,http://link.overdrive.com/?websiteID=37&titleID=113189
53EC7E73-E8FD-4D7A-B0D2-063CE94A6525,http://link.overdrive.com/?websiteID=37&titleID=113194
9691A453-0AB1-4778-86B0-AA143DCD299D,http://link.overdrive.com/?websiteID=37&titleID=113195
D49702ED-5997-4331-8478-4577D0CA5135,http://link.overdrive.com/?websiteID=37&titleID=115323
2CCA0B8B-71F7-45EC-B0DE-4D108C5A1514,http://link.overdrive.com/?websiteID=37&titleID=115324
B947D8BF-A1A3-484F-BC48-6DB9F01F306A,http://link.overdrive.com/?websiteID=37&titleID=113196
D73D4895-5431-4C49-B16C-16FE4B9BCFAD,http://link.overdrive.com/?websiteID=37&titleID=114030
52671746-B7AF-4B44-A223-F4A0E1734B4D,http://link.overdrive.com/?websiteID=37&titleID=114031
7DBDAEA6-D61B-48AA-8B73-7FEB0CB933DD,http://link.overdrive.com/?websiteID=37&titleID=114032
FF000C13-74D3-4013-B55E-34E21DFD91F2,http://link.overdrive.com/?websiteID=37&titleID=111287
BAE3CC57-BA4A-499E-967D-439E93D4896F,http://link.overdrive.com/?websiteID=37&titleID=115254
DF4508BB-0BE4-41A1-A1AB-54201F3A9619,http://link.overdrive.com/?websiteID=37&titleID=111250
B3D31DCC-4DCE-4A24-98E7-AE3ACDF76C50,http://link.overdrive.com/?websiteID=37&titleID=111850
53B2699A-EBAA-416B-AA61-F4145590D617,http://link.overdrive.com/?websiteID=37&titleID=113197
85092128-A384-46A5-9495-E2F4482FAC65,http://link.overdrive.com/?websiteID=37&titleID=115255
0D57FC12-615A-406F-9F8A-35A6E46509B1,http://link.overdrive.com/?websiteID=37&titleID=113198
D1DB61D9-ED13-484D-8C5B-575B1A11DE59,http://link.overdrive.com/?websiteID=37&titleID=113314
3DCB27A7-155B-4112-A1CC-8568DBFEA25F,http://link.overdrive.com/?websiteID=37&titleID=115325
2A41CAC6-B3D2-4641-B10B-7FCC771897CF,http://link.overdrive.com/?websiteID=37&titleID=111903
ECCBC4A4-D51E-4082-BFA6-C575773B2CB7,http://link.overdrive.com/?websiteID=37&titleID=113315
DDD94CD7-9DFA-4FC9-96D6-A98510E69087,http://link.overdrive.com/?websiteID=37&titleID=115256
F18A36C5-E5D2-4FBE-B697-BBCCDD5B8CA2,http://link.overdrive.com/?websiteID=37&titleID=115257
E4549126-88D7-4AA8-9E88-3761B980EBD8,http://link.overdrive.com/?websiteID=37&titleID=111251
A6D38077-A366-4AA8-966E-2A3EAB204A49,http://link.overdrive.com/?websiteID=37&titleID=115258
3327ADD6-5DB9-4F8B-8034-56711FF58507,http://link.overdrive.com/?websiteID=37&titleID=111852
C96ED7BD-D508-4C6C-9372-4556DC92A70A,http://link.overdrive.com/?websiteID=37&titleID=115259
167961AD-248D-4EB2-9820-029A2184154C,http://link.overdrive.com/?websiteID=37&titleID=113203
1D34CA07-569B-42E5-9C64-AA003F0DAF5D,http://link.overdrive.com/?websiteID=37&titleID=115261
E2AA5B72-347E-4855-800A-3F49DDF077CD,http://link.overdrive.com/?websiteID=37&titleID=113205
023BA5D3-E390-4F31-8BFF-2E3A2AAA83E0,http://link.overdrive.com/?websiteID=37&titleID=113165
2B10875E-DBEA-40BA-BEC4-4A6949AF006E,http://link.overdrive.com/?websiteID=37&titleID=113207
28DEF6BA-995B-4420-9261-CE25607A87ED,http://link.overdrive.com/?websiteID=37&titleID=113209
CF163F4B-8394-46B7-926A-D8711B6C2488,http://link.overdrive.com/?websiteID=37&titleID=113210
65ABD4FC-5239-4E95-860E-4EFC84F02E3D,http://link.overdrive.com/?websiteID=37&titleID=111256
7D6F55C4-A67E-4548-BCDD-C2F3A6B160F5,http://link.overdrive.com/?websiteID=37&titleID=111855
0F0695D3-5D94-45BD-BBE0-7CC24CB69D29,http://link.overdrive.com/?websiteID=37&titleID=111857
5F001044-95D0-47DA-9C81-03B26037C423,http://link.overdrive.com/?websiteID=37&titleID=113212
B617755F-9F88-4CD7-B204-EFB39E01E86B,http://link.overdrive.com/?websiteID=37&titleID=113214
1FEFE6A4-0413-452D-A297-2C4B049530E3,http://link.overdrive.com/?websiteID=37&titleID=115326
A3A48D0D-DDBE-4A92-A955-574C47F682A9,http://link.overdrive.com/?websiteID=37&titleID=111288
B884E284-D191-4734-AF47-BF46603FB90A,http://link.overdrive.com/?websiteID=37&titleID=113319
DD9324A6-F517-4AF4-BB95-A9827750DF14,http://link.overdrive.com/?websiteID=37&titleID=115263
747A1F10-C3DD-496E-B8AB-C41CEC8BEF9B,http://link.overdrive.com/?websiteID=37&titleID=111861
83A850B1-BC10-4457-ACB1-8F8D47892C40,http://link.overdrive.com/?websiteID=37&titleID=114807
3EEDBEDA-5AE8-463B-B33F-D41DB445EDF6,http://link.overdrive.com/?websiteID=37&titleID=113320
3D9A8559-8D0A-4BAD-B053-C58A481407CA,http://link.overdrive.com/?websiteID=37&titleID=115265
4949E14A-E09B-4195-AC81-EA93E4ADA16C,http://link.overdrive.com/?websiteID=37&titleID=113216
BA2387ED-C747-4C6D-A832-5E4694EE008D,http://link.overdrive.com/?websiteID=37&titleID=113217
6D3D484C-F482-4C0D-AB56-F7E25D1E2A97,http://link.overdrive.com/?websiteID=37&titleID=115266
156446C6-7DC4-41DB-9899-E490AA529A34,http://link.overdrive.com/?websiteID=37&titleID=115267
A653F909-767C-4D52-B697-3E49E1D65579,http://link.overdrive.com/?websiteID=37&titleID=115327
58C1825E-3D7C-411A-A9BC-289871251DB6,http://link.overdrive.com/?websiteID=37&titleID=114809
0074DF15-31A5-4B9A-B465-097751417028,http://link.overdrive.com/?websiteID=37&titleID=119454
AC62A602-FC88-474F-AF54-B15BC112BE99,http://link.overdrive.com/?websiteID=37&titleID=113218
BD3FE5FF-F564-404E-AB55-13325058C974,http://link.overdrive.com/?websiteID=37&titleID=115268
B9110F5B-232C-4BFE-8E15-8DF615CE66AD,http://link.overdrive.com/?websiteID=37&titleID=119324
A2206ED4-6796-408B-9803-1EAB96EC86E8,http://link.overdrive.com/?websiteID=37&titleID=113220
BDCBC377-3F17-42E2-A8BE-0A0B3EC1B10E,http://link.overdrive.com/?websiteID=37&titleID=114810
A192CFE3-919A-4852-BA06-F67EA6888C17,http://link.overdrive.com/?websiteID=37&titleID=113222
10E852D8-4223-4135-9445-D76E23E5E0FC,http://link.overdrive.com/?websiteID=37&titleID=119464
C3F3EAC9-5CCC-435E-A075-24E2312E3A5B,http://link.overdrive.com/?websiteID=37&titleID=119842
0377501A-0E33-4188-AA1B-14B95582C14A,http://link.overdrive.com/?websiteID=37&titleID=115330
9ED6C9AF-A88E-43E3-B4D7-4894104BC9A1,http://link.overdrive.com/?websiteID=37&titleID=113224
059483E5-3A1E-4BF6-BB09-F6ACCB194AC5,http://link.overdrive.com/?websiteID=37&titleID=113225
F78D467F-0A0A-46D4-86B8-8EC7FE1A237B,http://link.overdrive.com/?websiteID=37&titleID=114811
43467B86-9EB5-4A20-A6B6-52DC5C3F406E,http://link.overdrive.com/?websiteID=37&titleID=113226
18373279-70F1-4C13-9623-40ADD9D21F1C,http://link.overdrive.com/?websiteID=37&titleID=113228
CCFAEAF1-1905-4EF9-A2EF-043E0CD068B1,http://link.overdrive.com/?websiteID=37&titleID=113233
98EF52A3-48E0-4CB1-B022-EBA3D1C5A888,http://link.overdrive.com/?websiteID=37&titleID=113326
AD8E5F35-19F3-48EF-BADE-5303F32D6B9E,http://link.overdrive.com/?websiteID=37&titleID=113327
EF4AE242-E56A-4115-A4F1-1DE4A6B295B5,http://link.overdrive.com/?websiteID=37&titleID=119491
DB20E8ED-CC06-4C32-B4C4-108812CC0520,http://link.overdrive.com/?websiteID=37&titleID=115272
0C8A7F41-6825-4FD1-929A-3B652D3020EC,http://link.overdrive.com/?websiteID=37&titleID=113237
16C5D63F-E4B4-4658-876D-0C0E222F0C8A,http://link.overdrive.com/?websiteID=37&titleID=114815
19160F19-46B3-41FF-8287-09738E250076,http://link.overdrive.com/?websiteID=37&titleID=115275
378401B9-6289-4AAA-88E0-2AD562AF7316,http://link.overdrive.com/?websiteID=37&titleID=119501
4B611484-263C-441D-B6DE-083EC43BBD7B,http://link.overdrive.com/?websiteID=37&titleID=113239
1CCD8459-783E-4726-9947-8F2738CC77DD,http://link.overdrive.com/?websiteID=37&titleID=113240
57A5112F-ED95-4DFF-874E-E3350EFACAA1,http://link.overdrive.com/?websiteID=37&titleID=111290
909CD572-36B2-4EFF-ACF2-9E10CC7D0A23,http://link.overdrive.com/?websiteID=37&titleID=113241
E483791D-2995-4721-8B8E-E0F542003767,http://link.overdrive.com/?websiteID=37&titleID=113242
F89388E0-19CC-4058-B06A-10EE6A628257,http://link.overdrive.com/?websiteID=37&titleID=113243
F9BC1012-6EBE-4E9C-879C-1EA1FC688A52,http://link.overdrive.com/?websiteID=37&titleID=113244
0BA2CDD7-4101-475D-9DB0-A0E2B7276FDB,http://link.overdrive.com/?websiteID=37&titleID=113245
852D7ABB-E3C5-4384-A837-F9C1355CCBAB,http://link.overdrive.com/?websiteID=37&titleID=113247
061AAF74-4A25-4309-81FA-BC9AE5C6657F,http://link.overdrive.com/?websiteID=37&titleID=111262
52DB8059-9761-4906-8964-A7D2A5ACA9A9,http://link.overdrive.com/?websiteID=37&titleID=113248
D5854C4D-0D68-4A35-B815-F0753713C982,http://link.overdrive.com/?websiteID=37&titleID=111263
2973318C-648D-4F0E-9112-F45A77F2F17E,http://link.overdrive.com/?websiteID=37&titleID=113252
EDDC8C4C-CACF-4729-93B5-4B6936A2408B,http://link.overdrive.com/?websiteID=37&titleID=115286
E007C1C3-0599-4CA7-A94C-429A55B0D10A,http://link.overdrive.com/?websiteID=37&titleID=114819
3FD407B2-0B33-4021-9ED5-CEE7C8B35FAF,http://link.overdrive.com/?websiteID=37&titleID=111916
EB7D359C-E5B4-4EBF-97AE-B6AD04F4484F,http://link.overdrive.com/?websiteID=37&titleID=113332
D4330124-94CE-4638-8138-972849D8F20F,http://link.overdrive.com/?websiteID=37&titleID=112876
D0A51E8E-0FA1-47C1-AFBE-DC8DFC770D3B,http://link.overdrive.com/?websiteID=37&titleID=113258
DDCFE6C8-ECCA-4A36-90CE-007253A6D8DE,http://link.overdrive.com/?websiteID=37&titleID=111294
9A0700BB-C03A-4A86-ADD9-ECD5A54BEAAB,http://link.overdrive.com/?websiteID=37&titleID=111295
F4455629-2608-47FD-9C16-F299B31FA80E,http://link.overdrive.com/?websiteID=37&titleID=113261
5649AEEF-EF89-416B-91AF-56403DB19294,http://link.overdrive.com/?websiteID=37&titleID=111268
91CB0B2E-8A3A-4AF8-9466-5906DD0B8626,http://link.overdrive.com/?websiteID=37&titleID=114820
5C5335BA-DFA9-4437-887C-4FF5F471FF60,http://link.overdrive.com/?websiteID=37&titleID=119895
07B6C676-5E4F-4947-A039-A2404EE7D957,http://link.overdrive.com/?websiteID=37&titleID=114821
2E2EF823-1C71-4942-A779-AAD859A0A7FD,http://link.overdrive.com/?websiteID=37&titleID=113265
28D7F826-15A7-4457-9D3D-37C21A2C375D,http://link.overdrive.com/?websiteID=37&titleID=115334
2C46794B-ACA9-4F1B-A17C-6ED54A13EC61,http://link.overdrive.com/?websiteID=37&titleID=113266
B01D282F-7EC9-4EE7-8504-CCA07A91E2E4,http://link.overdrive.com/?websiteID=37&titleID=113338
D6B0A653-FCFC-48E3-A95E-6E966264B8B1,http://link.overdrive.com/?websiteID=37&titleID=111883
B3409028-ACE4-4C89-AE7D-CBA89370330A,http://link.overdrive.com/?websiteID=37&titleID=111886
D2F7CE5A-A932-45D8-A191-1F1E2FC5F568,http://link.overdrive.com/?websiteID=37&titleID=119601
9DE7032A-13E0-40E5-BD00-144C6EBA7700,http://link.overdrive.com/?websiteID=37&titleID=119603
DB5E7BC7-13D1-4B72-A03B-1EF063E26D5B,http://link.overdrive.com/?websiteID=37&titleID=113273
054F5F15-1A59-42E8-BDD5-F6261C0BF7E7,http://link.overdrive.com/?websiteID=37&titleID=113275
3C95723D-92E6-44C7-9B83-39183C0E606D,http://link.overdrive.com/?websiteID=37&titleID=114822
8D79744A-FBF8-4864-9CD3-2C7658F3880B,http://link.overdrive.com/?websiteID=37&titleID=111925
7FB897B2-3F09-4170-B679-11F8CD2CABA0,http://link.overdrive.com/?websiteID=37&titleID=114840
0630D8B2-4153-4665-B75C-FEF5E159B7EF,http://link.overdrive.com/?websiteID=37&titleID=114824
76A28BC4-D533-4707-9961-D0C1EB15D5FF,http://link.overdrive.com/?websiteID=37&titleID=113340
3DBD3C6B-20DB-48E2-B0A1-6B84FAFFD699,http://link.overdrive.com/?websiteID=37&titleID=114825
8BEC2221-425F-421D-84D2-EFBA249818CF,http://link.overdrive.com/?websiteID=37&titleID=111273
7D2751E6-C6EE-47D7-AC00-96EEA59B88BC,http://link.overdrive.com/?websiteID=37&titleID=114074
274DD8CC-F458-4095-B12D-0E1D65E8D148,http://link.overdrive.com/?websiteID=37&titleID=111274
1C4440E2-6502-48BE-81EE-1D36DD3D7380,http://link.overdrive.com/?websiteID=37&titleID=115310
6DFE4D56-DE5C-4BE0-B780-6CEA041DDE28,http://link.overdrive.com/?websiteID=37&titleID=114062
41D423C0-4048-4C4F-AEEE-04DFC9ACF20B,http://link.overdrive.com/?websiteID=37&titleID=111280
FD495187-7417-44F2-A4F1-100B4A0280C4,http://link.overdrive.com/?websiteID=37&titleID=111842
AC20B3DB-DDB3-4D22-A2FF-C98F9049A0EA,http://link.overdrive.com/?websiteID=37&titleID=114063
E05D8E5C-1F90-458C-8600-A1593E2ED308,http://link.overdrive.com/?websiteID=37&titleID=119678
D17A45F4-C7AA-4E8B-8B5F-D4E1F45FEF95,http://link.overdrive.com/?websiteID=37&titleID=119941
A6E0E25E-EA5C-425F-8931-AFE6AED513D9,http://link.overdrive.com/?websiteID=37&titleID=119942
75352F81-4D70-466A-A5B6-5068CCD00F46,http://link.overdrive.com/?websiteID=37&titleID=113345
838BD756-F885-41D0-9479-D5153A46278F,http://link.overdrive.com/?websiteID=37&titleID=114076
31BCAF5F-C786-467B-AB37-22F3BF945EA6,http://link.overdrive.com/?websiteID=37&titleID=113309
03BEED27-2BD6-4BB7-B332-E88A5043F3E8,http://link.overdrive.com/?websiteID=37&titleID=113173
F0361681-5801-46B4-B42B-8A536DEAEA54,http://link.overdrive.com/?websiteID=37&titleID=111282
519FE1D3-3CFB-41AC-B93C-5710A5190027,http://link.overdrive.com/?websiteID=37&titleID=119705
95820171-8FC0-48F9-AA3F-314731C21879,http://link.overdrive.com/?websiteID=37&titleID=113353
AA369823-FFBD-4397-ABC6-4BF84C97E99F,http://link.overdrive.com/?websiteID=37&titleID=113355
1397A3BB-946A-49CD-8C17-229CA2FF457B,http://link.overdrive.com/?websiteID=37&titleID=111303
7C40A1E2-F1FA-4539-8E40-A26857BF5B0C,http://link.overdrive.com/?websiteID=37&titleID=119949
A54098F5-F884-4969-9A48-3FA6A531B9E0,http://link.overdrive.com/?websiteID=37&titleID=113351
DA5BCFDB-9727-4360-860E-C4CC7094C28D,http://link.overdrive.com/?websiteID=37&titleID=114846
0500B1A9-7063-4236-85D8-571DF7C266CF,http://link.overdrive.com/?websiteID=37&titleID=114847
8AE0F822-1253-4A55-A13C-4086346987D0,http://link.overdrive.com/?websiteID=37&titleID=113359
232E9BB0-AD7A-4D24-87C1-BC05413097DE,http://link.overdrive.com/?websiteID=37&titleID=114842
ADBFA59E-C863-48C2-8720-93CECBF95A75,http://link.overdrive.com/?websiteID=37&titleID=116000
588DEC81-3D23-4653-863D-790A3CBE0D0C,http://link.overdrive.com/?websiteID=37&titleID=116006
5C304316-AD67-47A4-94F7-CD4045ADB5F4,http://link.overdrive.com/?websiteID=37&titleID=116021
6265D878-DD7D-4C2A-9FF0-A3C796133E84,http://link.overdrive.com/?websiteID=37&titleID=116140
2DC6BC8E-088F-4DC1-90EA-A861354A1EEC,http://link.overdrive.com/?websiteID=37&titleID=116022
4E0D49F7-646F-492C-AA6D-E6642FAF93A1,http://link.overdrive.com/?websiteID=37&titleID=116023
958EF2A5-6307-42EB-B578-6151E11DE436,http://link.overdrive.com/?websiteID=37&titleID=116028
D7162B72-B59E-40A0-8F17-F9A3A6593B88,http://link.overdrive.com/?websiteID=37&titleID=116029
ADDA206A-63C6-4790-B4A0-9832694C5CE1,http://link.overdrive.com/?websiteID=37&titleID=116031
6E61DFAE-52DD-41D4-97A5-94B74C13BCAA,http://link.overdrive.com/?websiteID=37&titleID=116032
2E64568E-85F6-41CB-94A9-BEA1C38C3B17,http://link.overdrive.com/?websiteID=37&titleID=116033
949C0F9B-C541-43BF-901B-7877544A6F96,http://link.overdrive.com/?websiteID=37&titleID=116034
8D516FC6-D253-4BE8-8425-7527F64D3759,http://link.overdrive.com/?websiteID=37&titleID=116037
1DBC4ED8-B954-4030-817B-5FF3A6BC2925,http://link.overdrive.com/?websiteID=37&titleID=116141
A9B5E388-93CF-457E-A2AE-4768867FD6E0,http://link.overdrive.com/?websiteID=37&titleID=116096
B5B12CF2-417E-4449-8914-3DD6E2F0BEE3,http://link.overdrive.com/?websiteID=37&titleID=116097
1CD8EEE9-FDDE-470F-AA28-C42A41501370,http://link.overdrive.com/?websiteID=37&titleID=115994
19171479-4377-4B2A-8CCD-EC0A484AE82D,http://link.overdrive.com/?websiteID=37&titleID=122442
FC08F696-46FC-4EFB-9041-A61391951B6C,http://link.overdrive.com/?websiteID=37&titleID=137361
4D4E61B0-4AC1-4D85-BD9C-F473FE2EBA17,http://link.overdrive.com/?websiteID=37&titleID=122439
3A3733AA-1257-476A-AA35-ADE16A081453,http://link.overdrive.com/?websiteID=37&titleID=122440
8A0A24D3-9AC3-43F3-B055-86C9C3D5460B,http://link.overdrive.com/?websiteID=37&titleID=122441
5626AE4B-4FD0-45D5-BA56-09685A370826,http://link.overdrive.com/?websiteID=37&titleID=122452
716978ED-B424-4934-94A0-056F6872764D,http://link.overdrive.com/?websiteID=37&titleID=122453
36939A0A-1078-4F90-8302-2C4235CE500A,http://link.overdrive.com/?websiteID=37&titleID=122443
C39F10A8-D3CA-4E18-953B-62A83E92E6FF,http://link.overdrive.com/?websiteID=37&titleID=122454
3F69E37A-6814-49AE-B79F-3BB893568CAB,http://link.overdrive.com/?websiteID=37&titleID=123016
3EACF48F-3FCA-4D93-BB6E-1471EEF64310,http://link.overdrive.com/?websiteID=37&titleID=123017
0A10EF5B-F27F-40A7-B259-26818BAEE662,http://link.overdrive.com/?websiteID=37&titleID=124727
CE654673-7A02-48C7-BA2C-CD562565E3B3,http://link.overdrive.com/?websiteID=37&titleID=122444
9F57CE11-2081-4E1A-85B2-AA8031D0F259,http://link.overdrive.com/?websiteID=37&titleID=126109
5D43A106-2391-4D00-A62C-C0F445BCCD5E,http://link.overdrive.com/?websiteID=37&titleID=122445
E9196498-BA61-46F5-A7A1-BAE5F736106A,http://link.overdrive.com/?websiteID=37&titleID=123019
0B32507E-69FA-4A87-9A46-472F9AA6772C,http://link.overdrive.com/?websiteID=37&titleID=122446
E489086B-21FF-4E82-BB9F-53D571074888,http://link.overdrive.com/?websiteID=37&titleID=123018
A760D8D5-4C3B-4AA2-832F-F0AE22B8204F,http://link.overdrive.com/?websiteID=37&titleID=124730
07F72C08-1EFA-482B-B1D9-00C458683C02,http://link.overdrive.com/?websiteID=37&titleID=124731
34A56760-0145-448F-8CB9-8AE91DB16D14,http://link.overdrive.com/?websiteID=37&titleID=124734
DD7E0D1C-A96D-4628-858E-A7F0D4878D0A,http://link.overdrive.com/?websiteID=37&titleID=124732
F4FE3459-C068-4CB6-ADBD-E4270167F3BE,http://link.overdrive.com/?websiteID=37&titleID=124733
FE797684-EC8A-4EB7-93F7-0055904E589C,http://link.overdrive.com/?websiteID=37&titleID=122449
09DE306C-A33B-42A2-995B-47C2B1750356,http://link.overdrive.com/?websiteID=37&titleID=123023
4D804DFF-A034-411D-A880-EF8159435104,http://link.overdrive.com/?websiteID=37&titleID=123022
5D8A61BD-2CF2-4254-97DE-69C50878901A,http://link.overdrive.com/?websiteID=37&titleID=122450
603889AD-F757-427F-8E7C-A6EE8789E6C3,http://link.overdrive.com/?websiteID=37&titleID=122451
3B734C21-A4AF-4632-A62A-A76E0D4FF084,http://link.overdrive.com/?websiteID=37&titleID=122456
9165F6FF-8138-4168-9892-423E68FBB51C,http://link.overdrive.com/?websiteID=37&titleID=122457
49E98849-2CC7-4F23-9D50-3613EBFD52A7,http://link.overdrive.com/?websiteID=37&titleID=122458
29029960-0E67-4186-9217-0AB8D1B933AA,http://link.overdrive.com/?websiteID=37&titleID=122461
A41D9B70-B79A-4FB3-A490-276396CA90FC,http://link.overdrive.com/?websiteID=37&titleID=122459
5B38F0E2-CB03-4C54-9912-64C711117763,http://link.overdrive.com/?websiteID=37&titleID=122462
B63FA607-C152-48CE-99FB-C80A5BBD71AF,http://link.overdrive.com/?websiteID=37&titleID=122460
891E7014-5B64-453C-B207-C59B9E854CC7,http://link.overdrive.com/?websiteID=37&titleID=115891
84F5EAAA-B93B-4441-8171-89E150609DD8,http://link.overdrive.com/?websiteID=37&titleID=115892
1AB75E03-336F-4B3D-A163-9EFCAA97C6E3,http://link.overdrive.com/?websiteID=37&titleID=115936
C1229739-8515-49FD-964D-F1A2240B299A,http://link.overdrive.com/?websiteID=37&titleID=121880
B6D50039-D803-413D-852A-84780E9DB088,http://link.overdrive.com/?websiteID=37&titleID=115893
DEFD7F41-5A8D-4EA1-BEEE-31D476B0414A,http://link.overdrive.com/?websiteID=37&titleID=115894
3E769113-D0D2-4D10-91F3-F0A5F0112407,http://link.overdrive.com/?websiteID=37&titleID=115895
6C24C1EB-8F3C-478B-BC37-9982678F1499,http://link.overdrive.com/?websiteID=37&titleID=115904
647984BA-80E0-4AFF-B96C-9B1782BE1D87,http://link.overdrive.com/?websiteID=37&titleID=115896
EA60F893-864D-47A4-B4EE-451FD5FFD463,http://link.overdrive.com/?websiteID=37&titleID=115905
F1E7D00E-6097-4E32-B16C-DFF9DBBA81D5,http://link.overdrive.com/?websiteID=37&titleID=115897
7102896F-76A8-41A3-B88F-FB4E31C61E01,http://link.overdrive.com/?websiteID=37&titleID=121881
50257093-DADD-4809-9B8D-FE5FA5B5D4ED,http://link.overdrive.com/?websiteID=37&titleID=115898
A0E08776-7FB3-4A50-84C0-922CC2C1FD39,http://link.overdrive.com/?websiteID=37&titleID=115899
4877E5DC-DF28-4DC4-94D5-76DB91286CA5,http://link.overdrive.com/?websiteID=37&titleID=115900
795BD6AE-6427-4D3E-8AE9-B6219D7F8635,http://link.overdrive.com/?websiteID=37&titleID=115901
8CE10E20-737E-4902-8AC9-91F8BEC67BA0,http://link.overdrive.com/?websiteID=37&titleID=115902
B80964DE-6998-460D-899C-5D3E348AE96B,http://link.overdrive.com/?websiteID=37&titleID=121882
AD2F53B6-CF8C-4389-8084-71251B16BCD3,http://link.overdrive.com/?websiteID=37&titleID=115903
3DEDDC7A-29BF-44E4-BF07-FB1D950B4275,http://link.overdrive.com/?websiteID=37&titleID=121883
29175FD7-E398-4F4D-993A-B41BA8FA32A7,http://link.overdrive.com/?websiteID=37&titleID=121884
78BD3722-773C-47A9-AAB3-262749CE9FEB,http://link.overdrive.com/?websiteID=37&titleID=121885
A41A5DFE-05D5-4410-BA2C-792B1B82A83E,http://link.overdrive.com/?websiteID=37&titleID=121886
D2DEF685-1A9B-4C5B-8FF2-631AC39E5BBE,http://link.overdrive.com/?websiteID=37&titleID=121887
4D8E25D5-947C-4D47-8BE0-DB7D3B8FFB57,http://link.overdrive.com/?websiteID=37&titleID=131633
7E443A4B-FBA4-4024-869D-01A3F0664116,http://link.overdrive.com/?websiteID=37&titleID=115913
7E12C82F-B473-4730-9981-EF3D916C76D0,http://link.overdrive.com/?websiteID=37&titleID=115906
FA945426-F9FA-4C7C-AD06-E3EB850B1207,http://link.overdrive.com/?websiteID=37&titleID=131634
13E1D161-030E-4DB4-AC5D-C423E983510A,http://link.overdrive.com/?websiteID=37&titleID=115939
95A7E36B-7D53-435D-8CB5-3F6F6770C7C2,http://link.overdrive.com/?websiteID=37&titleID=121888
4CDDCF3D-1256-49CB-963E-98F94C718A26,http://link.overdrive.com/?websiteID=37&titleID=121889
45476417-2A17-4B65-95CC-935B166A0A86,http://link.overdrive.com/?websiteID=37&titleID=121890
0C721D48-0DE9-4441-BF7D-F671154C10B2,http://link.overdrive.com/?websiteID=37&titleID=121891
644D5597-7EC6-4AB9-81EE-CD247C879A1A,http://link.overdrive.com/?websiteID=37&titleID=121892
6A66C812-E379-4140-9604-8F4AD604D4D0,http://link.overdrive.com/?websiteID=37&titleID=131635
CC11B6C8-5642-41BD-A060-1D2BD71CFDCC,http://link.overdrive.com/?websiteID=37&titleID=115914
5140AEF7-A935-40D1-A214-6E20416759B5,http://link.overdrive.com/?websiteID=37&titleID=131636
C49BF2FA-450A-40DD-AA48-48BDDEAF5E51,http://link.overdrive.com/?websiteID=37&titleID=131637
E5716B51-87F8-4746-BCB4-84B3AB225230,http://link.overdrive.com/?websiteID=37&titleID=131638
DB5CCCA7-49D4-4712-B59F-E8C97EFE4806,http://link.overdrive.com/?websiteID=37&titleID=115915
81D8AF9F-EF76-496C-8B07-4F77AD012D78,http://link.overdrive.com/?websiteID=37&titleID=115916
19FCD04E-0A1A-4EC4-982E-F28AFEDA072A,http://link.overdrive.com/?websiteID=37&titleID=115907
7EF5A322-6178-4E4C-BBB8-8FFF1D959EBF,http://link.overdrive.com/?websiteID=37&titleID=115917
C20BB63F-4B17-4619-BE3A-576196332E8C,http://link.overdrive.com/?websiteID=37&titleID=121903
C66B111E-3997-4E30-997B-7D881F5CB54F,http://link.overdrive.com/?websiteID=37&titleID=121893
CCD18408-780A-423A-A052-C1AEBE30D40F,http://link.overdrive.com/?websiteID=37&titleID=115908
F5FCF619-3BD9-44CC-9CF3-8AE3F53373E0,http://link.overdrive.com/?websiteID=37&titleID=131640
BA3A15CA-B252-4D0C-92A6-7DAE767AE0DE,http://link.overdrive.com/?websiteID=37&titleID=121894
C333897F-8DB9-48F8-81A5-049BA596CDC2,http://link.overdrive.com/?websiteID=37&titleID=115921
CA3CFBD7-8646-4770-9F2A-E4B0CFE943EA,http://link.overdrive.com/?websiteID=37&titleID=121895
C30BFFD6-447A-4080-8002-E05EF9FC7FAF,http://link.overdrive.com/?websiteID=37&titleID=131641
2A449DD8-4733-429D-9A85-FB3C8C94D476,http://link.overdrive.com/?websiteID=37&titleID=115923
339E7873-9432-4D75-8384-F72C8A6154C3,http://link.overdrive.com/?websiteID=37&titleID=121896
E522A8F2-9F19-4BD3-A1EA-225DC89D7776,http://link.overdrive.com/?websiteID=37&titleID=131642
A4C2EF32-A624-494D-B848-D6700541F874,http://link.overdrive.com/?websiteID=37&titleID=115924
A12627A8-D2B0-4D48-B6C4-AAEBB058A3E8,http://link.overdrive.com/?websiteID=37&titleID=121897
580F1EB1-FE0D-4AFA-9E6B-823569A6002F,http://link.overdrive.com/?websiteID=37&titleID=131643
302B11E5-8682-4EBF-868C-D36D14599263,http://link.overdrive.com/?websiteID=37&titleID=115925
E865CA58-2E2F-494D-B844-CF539651DFE3,http://link.overdrive.com/?websiteID=37&titleID=115926
DABE8770-B1F8-4017-8DDB-DBC6D07533C4,http://link.overdrive.com/?websiteID=37&titleID=131644
D7EC2763-2045-4F86-BC88-9A477293B5B3,http://link.overdrive.com/?websiteID=37&titleID=131645
19161073-42C6-4B0D-BC13-8D820D57A43A,http://link.overdrive.com/?websiteID=37&titleID=131646
1176155F-CA56-4E52-B60E-52AC99152AD6,http://link.overdrive.com/?websiteID=37&titleID=131632
33CC98F0-2C87-40E8-9387-BEBADA526782,http://link.overdrive.com/?websiteID=37&titleID=121898
FEFD1837-4008-49A3-95EF-7811F8CE7F64,http://link.overdrive.com/?websiteID=37&titleID=131647
ABABB92E-8E2C-49ED-9A3C-CCE516845713,http://link.overdrive.com/?websiteID=37&titleID=115927
9329F5E9-D888-47F1-A4F1-68A56C2CD60E,http://link.overdrive.com/?websiteID=37&titleID=115940
0D47C3B2-2055-4D57-B8B9-D4C7877E506A,http://link.overdrive.com/?websiteID=37&titleID=121899
1A2E46F4-E6B2-4040-B038-A496D064FDD8,http://link.overdrive.com/?websiteID=37&titleID=131648
7825AA3A-E16F-4F90-9F03-4CD38665ED05,http://link.overdrive.com/?websiteID=37&titleID=131649
04EFA39D-D961-4A73-B3B3-295CAC675153,http://link.overdrive.com/?websiteID=37&titleID=115928
BF1C53B5-2B33-4855-89BA-FDB76EB67824,http://link.overdrive.com/?websiteID=37&titleID=131650
A4135FE2-A1A3-4036-A440-51F0D97193B3,http://link.overdrive.com/?websiteID=37&titleID=115929
B7354DED-7241-4A72-9F5D-73F87EB1F30C,http://link.overdrive.com/?websiteID=37&titleID=115909
1B379811-D0FC-46D6-884F-A98544EA5834,http://link.overdrive.com/?websiteID=37&titleID=131651
3498824A-96A1-44DB-846E-F3E12957E202,http://link.overdrive.com/?websiteID=37&titleID=115930
1BD40FDC-69BA-4FD4-89A2-E777128B5600,http://link.overdrive.com/?websiteID=37&titleID=115931
B3C0190C-4023-4F82-9076-BCA32BF9A790,http://link.overdrive.com/?websiteID=37&titleID=115918
075C014E-8192-41F6-8FEB-059FDFDAE376,http://link.overdrive.com/?websiteID=37&titleID=115910
59B13F7F-B3A9-423D-AEE7-5C6F03AC83B2,http://link.overdrive.com/?websiteID=37&titleID=115937
26A8F8D4-B0AA-4439-A7C6-966649690054,http://link.overdrive.com/?websiteID=37&titleID=115932
DEE65C6A-3218-4044-B339-5EC653F3089F,http://link.overdrive.com/?websiteID=37&titleID=131652
97428C5F-1C51-4743-BF2B-0BAC1E6BDC97,http://link.overdrive.com/?websiteID=37&titleID=115933
C770A3DC-AD54-47DF-9271-F9D9842138EF,http://link.overdrive.com/?websiteID=37&titleID=131653
6A18D62E-7C3D-43A5-8AE6-83AE4A0EAF12,http://link.overdrive.com/?websiteID=37&titleID=131654
4213D3DF-D66C-404E-86FF-C2A8315BB2B7,http://link.overdrive.com/?websiteID=37&titleID=115911
CC7CBC94-0DCD-4559-8B52-4304A873E0DD,http://link.overdrive.com/?websiteID=37&titleID=131639
FAB8484D-8D12-488C-8103-662DCD7DE0D1,http://link.overdrive.com/?websiteID=37&titleID=121900
71C29769-17DB-4C64-B01B-9B5571162F58,http://link.overdrive.com/?websiteID=37&titleID=121901
DBD272E1-9423-4D07-AD1D-4F8CE38A490C,http://link.overdrive.com/?websiteID=37&titleID=121902
763EFD28-0612-4C0B-B442-3CE3EDDA3395,http://link.overdrive.com/?websiteID=37&titleID=115934
F3B6712E-97AF-45FC-A424-63760DF917C3,http://link.overdrive.com/?websiteID=37&titleID=115935
3F68B0F5-CD97-4BF2-9651-87D906C0B744,http://link.overdrive.com/?websiteID=37&titleID=115919
E4749515-62AC-4D42-8C69-326CF1E084DC,http://link.overdrive.com/?websiteID=37&titleID=115922
3A0B14EE-90AE-4A77-B8D9-B6769B19EA99,http://link.overdrive.com/?websiteID=37&titleID=131655
0D902DD9-2BFE-431C-A40B-92ED54990B84,http://link.overdrive.com/?websiteID=37&titleID=115912
3EFDCCD9-BC69-42AE-9D56-278917AAD812,http://link.overdrive.com/?websiteID=37&titleID=115920
7B522313-50CD-4F31-AC96-F3CF9A764051,http://link.overdrive.com/?websiteID=37&titleID=121904
036C3C7A-F0D2-46EA-BB13-BDB925A97CD3,http://link.overdrive.com/?websiteID=37&titleID=115938
1D2691C1-6FAA-4C8A-B917-4CF4CD3B4D52,http://link.overdrive.com/?websiteID=37&titleID=121952
6BA2263F-E42C-4895-B055-1619583BB7CA,http://link.overdrive.com/?websiteID=37&titleID=121953
E4831CAB-A1B0-4897-8A9C-0D76A4F0239F,http://link.overdrive.com/?websiteID=37&titleID=122024
D733D7EB-9FC3-410F-9923-D114F4F44AD3,http://link.overdrive.com/?websiteID=37&titleID=121954
11556526-34D6-4D0B-B06C-4E95CDBDBDAD,http://link.overdrive.com/?websiteID=37&titleID=121949
694CD54C-8A49-4BA8-8670-DB2E78D0B2FD,http://link.overdrive.com/?websiteID=37&titleID=121955
A7AD456D-DA16-4FFD-B519-3CB7F5E4B880,http://link.overdrive.com/?websiteID=37&titleID=121956
8BD5527F-1B34-48C9-98AD-262A2215F5D9,http://link.overdrive.com/?websiteID=37&titleID=121957
8CBA82B0-8E2F-4DFD-8A43-1AA62C5ADA72,http://link.overdrive.com/?websiteID=37&titleID=121958
BA1BA4A1-B1FF-4D9A-BE19-44AF6CA0188C,http://link.overdrive.com/?websiteID=37&titleID=121959
58E51D6E-C2BF-4289-81B3-5A5805E7495E,http://link.overdrive.com/?websiteID=37&titleID=121960
638A8DE6-3D08-4394-B6B8-D74385B55BF4,http://link.overdrive.com/?websiteID=37&titleID=122025
B6873DC3-0F44-4533-9561-61A1FF37233D,http://link.overdrive.com/?websiteID=37&titleID=121961
6168FA12-C8B4-4102-9168-2D9000380BBB,http://link.overdrive.com/?websiteID=37&titleID=122023
23144196-C02D-4016-B2F7-A6F30C457C83,http://link.overdrive.com/?websiteID=37&titleID=121962
FCE686E7-1CDD-48B2-9A6D-1BBC0FE4DCD6,http://link.overdrive.com/?websiteID=37&titleID=121963
5BE49257-AA26-4BC7-9EE3-4CF9E14FD9A7,http://link.overdrive.com/?websiteID=37&titleID=121964
1582C81D-9B8D-4F44-9DB1-43A8FCAF0D82,http://link.overdrive.com/?websiteID=37&titleID=121965
20754131-A351-498A-81C6-BE1E2412ED08,http://link.overdrive.com/?websiteID=37&titleID=121966
05BDDDD2-A28E-44B1-9022-BCF746D7D1D8,http://link.overdrive.com/?websiteID=37&titleID=121967
C6528882-AC12-4AA3-8404-99E6D89EC1BA,http://link.overdrive.com/?websiteID=37&titleID=121968
30EEDADA-A41A-48E4-A78A-D92FE42B5A0F,http://link.overdrive.com/?websiteID=37&titleID=121969
36A266CC-8600-4BC6-8192-623B5D1A5432,http://link.overdrive.com/?websiteID=37&titleID=121970
8DA243A1-83E3-42F3-9BEC-C3906BAE4958,http://link.overdrive.com/?websiteID=37&titleID=121950
0D8B4945-89ED-478B-815D-1EC89EC6538E,http://link.overdrive.com/?websiteID=37&titleID=121971
9D1EDCA5-45BC-48A4-91BD-7DE62C381E59,http://link.overdrive.com/?websiteID=37&titleID=121972
916BF590-5609-45FC-96F6-0C7EFCA0A784,http://link.overdrive.com/?websiteID=37&titleID=121973
3454A7E8-FDF0-4C45-946E-9F7833A667A3,http://link.overdrive.com/?websiteID=37&titleID=121974
9078D740-7A16-40CC-AC5A-D261EDB98105,http://link.overdrive.com/?websiteID=37&titleID=121975
9D66C26D-CB59-48D3-9707-48389B667CEA,http://link.overdrive.com/?websiteID=37&titleID=121976
0F7DE700-A53C-41AB-8737-0C836026F298,http://link.overdrive.com/?websiteID=37&titleID=121977
A0FB5729-5835-4EF8-ABEF-E5D0B6B25C58,http://link.overdrive.com/?websiteID=37&titleID=121978
F4D55768-A9EE-4DE1-B05A-3415AE362A0E,http://link.overdrive.com/?websiteID=37&titleID=121979
96357205-43D0-4A98-9867-6DAE977B2225,http://link.overdrive.com/?websiteID=37&titleID=121980
8C1635A8-F0F2-47D5-9DD2-90893D99AFCE,http://link.overdrive.com/?websiteID=37&titleID=121981
6751214F-B451-4FB5-8DC0-8713FD6506B3,http://link.overdrive.com/?websiteID=37&titleID=121982
C5349EA0-4D7B-414F-BD90-6069A0ACFD17,http://link.overdrive.com/?websiteID=37&titleID=121983
38BDF301-4A6A-4BB6-9EE9-98B1EE0B0D67,http://link.overdrive.com/?websiteID=37&titleID=121985
3937974B-DE4E-4154-A806-1DAC82270E6D,http://link.overdrive.com/?websiteID=37&titleID=121986
6CFD6EF0-44B6-4970-B6C7-C2DF6A7CB8B3,http://link.overdrive.com/?websiteID=37&titleID=121987
4C45B52F-7AA3-4629-971A-844AA34ED828,http://link.overdrive.com/?websiteID=37&titleID=121988
2845BECE-3F74-4A29-BD00-4FA80D69A682,http://link.overdrive.com/?websiteID=37&titleID=121989
5C13E965-41E1-4AED-895D-12EA9A1E63E2,http://link.overdrive.com/?websiteID=37&titleID=121990
184F6ACA-61FC-470F-9038-E12660EAD664,http://link.overdrive.com/?websiteID=37&titleID=121991
51CE2DD9-314E-4DD3-915A-7E7B01D33428,http://link.overdrive.com/?websiteID=37&titleID=122026
6C13A9FC-C865-4223-BB23-77C7E41959E6,http://link.overdrive.com/?websiteID=37&titleID=121992
46F61211-B8A8-449C-B0B1-12FE8982F0AF,http://link.overdrive.com/?websiteID=37&titleID=121993
D36001E9-C84F-4626-856D-3DA0966B5D00,http://link.overdrive.com/?websiteID=37&titleID=122027
6C8C4B64-44F2-4C74-94C2-7B9357FB949E,http://link.overdrive.com/?websiteID=37&titleID=121994
D819F0ED-9A4E-47B2-85F7-B35C001984DD,http://link.overdrive.com/?websiteID=37&titleID=121995
38ECB3A6-F28F-4DE8-83CC-461A17C6FF84,http://link.overdrive.com/?websiteID=37&titleID=121996
70896C3F-6194-4A03-A384-B18335027ACA,http://link.overdrive.com/?websiteID=37&titleID=121997
97E0FB5E-AB34-4BDE-AC00-8E7A840FCA03,http://link.overdrive.com/?websiteID=37&titleID=121998
0447A242-F84A-4E4E-AE21-7E06FB610A8F,http://link.overdrive.com/?websiteID=37&titleID=121999
A6143F7F-FE92-4334-9690-0C85A8BAFE77,http://link.overdrive.com/?websiteID=37&titleID=121948
7504C12F-C377-4DD4-98A0-2EDF3FF632C7,http://link.overdrive.com/?websiteID=37&titleID=122000
A0CD7892-8BFD-49E8-9129-9E651CBC71E9,http://link.overdrive.com/?websiteID=37&titleID=122001
27F3291E-5858-4744-852B-A37B69381FD4,http://link.overdrive.com/?websiteID=37&titleID=122002
BF95133A-BD20-4FD3-9B94-AD578A535E2C,http://link.overdrive.com/?websiteID=37&titleID=122028
7FD56A22-9339-48E5-91DF-C80DC62D87E2,http://link.overdrive.com/?websiteID=37&titleID=122004
7487DABD-C119-401D-B501-8AA7338EBEB5,http://link.overdrive.com/?websiteID=37&titleID=122005
477E1540-C2B8-43FD-A03F-6C1869C820E3,http://link.overdrive.com/?websiteID=37&titleID=122006
B30F6198-FE80-4586-B868-7180F6D99E53,http://link.overdrive.com/?websiteID=37&titleID=122007
AA76BF8D-3824-46EB-B063-B4707DA6AFE2,http://link.overdrive.com/?websiteID=37&titleID=122008
286471E6-DB91-4CA8-95F1-BFFB22F68F8F,http://link.overdrive.com/?websiteID=37&titleID=122029
4E78A222-596B-4553-B50D-ABB46D093A3D,http://link.overdrive.com/?websiteID=37&titleID=122009
CB8E5D33-8FEC-4808-B00F-F52FFBB7E1FF,http://link.overdrive.com/?websiteID=37&titleID=122010
C6FC29E2-DE82-4F37-821F-240CD990BC93,http://link.overdrive.com/?websiteID=37&titleID=122011
F285A4CB-AF62-41A2-9A36-2F3412BF7B92,http://link.overdrive.com/?websiteID=37&titleID=122012
4FB807F5-0F67-4B68-9870-2AB3F90C8EDC,http://link.overdrive.com/?websiteID=37&titleID=122013
28A274CA-FAE4-4C11-AD04-26533C666101,http://link.overdrive.com/?websiteID=37&titleID=122014
BA1D2284-93D6-4F33-908B-D5A660774760,http://link.overdrive.com/?websiteID=37&titleID=122015
D02341ED-63F8-44BA-9900-059EE53F0E5B,http://link.overdrive.com/?websiteID=37&titleID=122016
72F4B1C3-D754-4C70-8505-82990679AA2E,http://link.overdrive.com/?websiteID=37&titleID=122017
8C64DFF9-ED91-4DA6-A7A7-21B5EB2989D6,http://link.overdrive.com/?websiteID=37&titleID=122030
C943FAA2-2E4A-4B93-9FA9-23CC753F23E0,http://link.overdrive.com/?websiteID=37&titleID=122020
306384AB-114E-4EF5-99D0-7C9F0DA9B313,http://link.overdrive.com/?websiteID=37&titleID=122021
A66856DB-4118-4066-80FA-AFC07F34796A,http://link.overdrive.com/?websiteID=37&titleID=122022
A072C655-FD7C-46E8-B151-79E0C7BC5EDE,http://link.overdrive.com/?websiteID=37&titleID=122031
51C95B58-FF95-485B-9ECD-6C75FBAE2860,http://link.overdrive.com/?websiteID=37&titleID=122032
A4CA40D6-B0FD-44AD-9E54-A3479F72F2AD,http://link.overdrive.com/?websiteID=37&titleID=122033
2A6EA4BA-1AE9-4F79-8A90-2E72D2309A48,http://link.overdrive.com/?websiteID=37&titleID=122034
E5F92707-9482-4030-BCA0-8C16970246E0,http://link.overdrive.com/?websiteID=37&titleID=122035
B3DA3A4B-C112-4D5E-8FC5-951D627B376F,http://link.overdrive.com/?websiteID=37&titleID=122036
0DE1682F-9A28-40CF-9050-C86C9F23DF8D,http://link.overdrive.com/?websiteID=37&titleID=122038
9F2E80DF-C946-41E9-9B5A-1DDE5B54C9D8,http://link.overdrive.com/?websiteID=37&titleID=122039
D45DA5E6-ECD1-4DA3-85DD-D3FC01D55E8D,http://link.overdrive.com/?websiteID=37&titleID=122040
9D929C92-A4BB-4969-A0FD-88BB3036466B,http://link.overdrive.com/?websiteID=37&titleID=121951
CED08CAF-DC73-4DDF-840A-8ED304C5F561,http://link.overdrive.com/?websiteID=37&titleID=122041
CBEBBC70-5B84-4BD0-80C3-C0F21C9EF0CF,http://link.overdrive.com/?websiteID=37&titleID=122042
FFB377E2-A7AD-4270-AD88-A0205EC64DC4,http://link.overdrive.com/?websiteID=37&titleID=122043
B450F852-E0B8-4876-AB3A-FC5C68242767,http://link.overdrive.com/?websiteID=37&titleID=122044
42F0D263-F51C-49EA-997B-543FBFA305EB,http://link.overdrive.com/?websiteID=37&titleID=122045
CB4E019F-DA26-4C96-9FF6-425295668D0C,http://link.overdrive.com/?websiteID=37&titleID=122046
ECA97E36-F0B8-4194-84A3-D26D38074D44,http://link.overdrive.com/?websiteID=37&titleID=122047
28BE7A1F-5C09-4D15-90FC-43AE2901EBAE,http://link.overdrive.com/?websiteID=37&titleID=140891
4F2A58DA-7A6D-449D-BA00-834F09321BC9,http://link.overdrive.com/?websiteID=37&titleID=140892
2DBC55F5-7C5C-438A-9267-12B66F0AAD9D,http://link.overdrive.com/?websiteID=37&titleID=140893
BF36511C-B1B4-40B0-B105-D4DD5CEA2B49,http://link.overdrive.com/?websiteID=37&titleID=140896
FA301BC2-FCC5-44B3-8969-2DC6EDFB90E9,http://link.overdrive.com/?websiteID=37&titleID=140897
3EA66AB2-3DA1-448E-A78A-18598CE121C9,http://link.overdrive.com/?websiteID=37&titleID=140902
F11D4146-D677-440B-A97F-504D523B3388,http://link.overdrive.com/?websiteID=37&titleID=140965
E7BDD47E-0450-47F8-BE55-2029E3E3464C,http://link.overdrive.com/?websiteID=37&titleID=140903
F2C6C772-D6BD-4EAF-B486-C15A92EA73A1,http://link.overdrive.com/?websiteID=37&titleID=140905
86834EEC-A946-4E9C-9725-84E3E078DB6A,http://link.overdrive.com/?websiteID=37&titleID=140906
B247B75E-CF63-47D8-9A13-CC41E0EBC870,http://link.overdrive.com/?websiteID=37&titleID=140907
40BC1CA4-2B2E-410D-8259-A354260DE2E4,http://link.overdrive.com/?websiteID=37&titleID=140909
43E56287-0647-4F8A-A18E-77958D7273AF,http://link.overdrive.com/?websiteID=37&titleID=140910
54E6102F-D35A-4628-A58A-3AEAF78A1691,http://link.overdrive.com/?websiteID=37&titleID=140912
FF0B8C61-072D-468A-B103-E293DD4A5DE3,http://link.overdrive.com/?websiteID=37&titleID=140913
BD6C76B6-F625-4099-BF99-BF30B175F00A,http://link.overdrive.com/?websiteID=37&titleID=140915
53AFE9F2-F349-4376-A0AD-A9781DC4263E,http://link.overdrive.com/?websiteID=37&titleID=140918
84FE1235-DA7E-428E-BBD2-1099815B9791,http://link.overdrive.com/?websiteID=37&titleID=140919
3815E9F9-433B-48A1-82CD-B0B668F50CD7,http://link.overdrive.com/?websiteID=37&titleID=141036
63BDA553-AB64-4E9D-BA45-5A2F6ADD36B6,http://link.overdrive.com/?websiteID=37&titleID=140920
106011C4-DD09-42C8-843F-8645FD5BEFF6,http://link.overdrive.com/?websiteID=37&titleID=140923
50CC1423-962F-462E-B954-5E36BBF0CE24,http://link.overdrive.com/?websiteID=37&titleID=140924
7ECE2E34-4D58-48E9-9F15-6302B6312CDE,http://link.overdrive.com/?websiteID=37&titleID=141137
2F91604B-C51B-4D15-A596-7FCE564ED0BE,http://link.overdrive.com/?websiteID=37&titleID=140927
49DD0056-7BD0-4ADF-BAAE-662743AE7787,http://link.overdrive.com/?websiteID=37&titleID=140929
0B129216-B3CC-4EDF-A7AD-B1595C47EE12,http://link.overdrive.com/?websiteID=37&titleID=140931
551418A8-87A7-4D99-A32E-2193D2F8DF0B,http://link.overdrive.com/?websiteID=37&titleID=140932
D4081015-718E-4170-880E-B152E74D8BE4,http://link.overdrive.com/?websiteID=37&titleID=140934
5E613781-1A37-46F6-AA83-75A8611DB151,http://link.overdrive.com/?websiteID=37&titleID=140935
0F2AE67A-C026-4D89-A888-F281015D89CE,http://link.overdrive.com/?websiteID=37&titleID=140936
7B091A66-4377-4458-AFB3-1C4E0F492E9F,http://link.overdrive.com/?websiteID=37&titleID=140937
4C24946D-9858-430A-B453-A92F7784C7BD,http://link.overdrive.com/?websiteID=37&titleID=140938
558EAEC8-706F-45A5-850A-080EDA529E33,http://link.overdrive.com/?websiteID=37&titleID=140939
A66303A2-6EB3-42D5-8089-DBFF0EEB652A,http://link.overdrive.com/?websiteID=37&titleID=140941
D9829318-3B41-4F03-912C-D2F03BE8515E,http://link.overdrive.com/?websiteID=37&titleID=141139
CFA8B2A3-2C8F-487D-8C5F-7BF439783694,http://link.overdrive.com/?websiteID=37&titleID=140942
DD53B4AD-F112-4A6F-B6A2-84FAFF24118D,http://link.overdrive.com/?websiteID=37&titleID=140966
43AEF6ED-A8A5-49AA-8F9E-D366A6CF2A6C,http://link.overdrive.com/?websiteID=37&titleID=140944
9AB17987-20FD-4461-9943-9B856C32FE25,http://link.overdrive.com/?websiteID=37&titleID=140945
90401104-199F-446B-B121-40A8AE0EF8CE,http://link.overdrive.com/?websiteID=37&titleID=140946
58C0B66E-05A0-42D3-A63C-438F172141E3,http://link.overdrive.com/?websiteID=37&titleID=141045
F6653DBD-FB31-42B0-9ED0-247E203642AD,http://link.overdrive.com/?websiteID=37&titleID=140947
E29C8FE7-7FE6-4E82-9B8E-ACB29BA13FB3,http://link.overdrive.com/?websiteID=37&titleID=141025
7A0C6F30-17CE-4102-B227-F3326C3F89F7,http://link.overdrive.com/?websiteID=37&titleID=141026
049FFBC2-E4EB-4D0A-92EC-3AD7D3D55080,http://link.overdrive.com/?websiteID=37&titleID=141027
B32E27D0-C31A-4E0E-80A9-F126D3E066A5,http://link.overdrive.com/?websiteID=37&titleID=141140
9366AD42-486A-4B17-84F1-7440B806C469,http://link.overdrive.com/?websiteID=37&titleID=140948
201BAA80-1A47-4D4B-9EA0-F2885CE68D78,http://link.overdrive.com/?websiteID=37&titleID=140949
BDD7D7D5-8F17-4C3B-89CF-4A384FEEC660,http://link.overdrive.com/?websiteID=37&titleID=140950
54A5A8AA-BABB-4751-8F2C-47837071D7F4,http://link.overdrive.com/?websiteID=37&titleID=141141
6D2012C5-2C90-4F20-9F82-DC872FA2622B,http://link.overdrive.com/?websiteID=37&titleID=141046
481298E9-7F27-4F02-966D-86CFED3DDD2D,http://link.overdrive.com/?websiteID=37&titleID=140953
7078426E-3701-4CC3-971A-99EC7A9946C5,http://link.overdrive.com/?websiteID=37&titleID=140954
338A5B25-BF91-4C4A-BA55-3AA08CB4788F,http://link.overdrive.com/?websiteID=37&titleID=141159
598EDDDD-0C44-48C5-8282-9987DC2771C6,http://link.overdrive.com/?websiteID=37&titleID=141142
8F4E7B70-CE0A-40ED-AD04-528B746F0857,http://link.overdrive.com/?websiteID=37&titleID=140960
5948DD95-5CB7-495C-BE16-4AE66954E8C8,http://link.overdrive.com/?websiteID=37&titleID=140962
FD76C134-97E8-43FF-836B-A84D77DF10D7,http://link.overdrive.com/?websiteID=37&titleID=140963
A0C4EC1F-42D5-4ED6-94AC-A8AAF7CCB523,http://link.overdrive.com/?websiteID=37&titleID=140972
0DD34135-9171-4983-ABB4-DADB9832F9BE,http://link.overdrive.com/?websiteID=37&titleID=140973
1B285826-9420-4F17-A9B6-DC168D7390C0,http://link.overdrive.com/?websiteID=37&titleID=140975
67F5443A-9774-447F-82B8-5D870285EFA3,http://link.overdrive.com/?websiteID=37&titleID=141144
F587B34E-2DBD-4CBA-AE35-66F6838DAF8B,http://link.overdrive.com/?websiteID=37&titleID=140981
0905BBD7-788A-4827-A65A-8AD0C5DFCFC2,http://link.overdrive.com/?websiteID=37&titleID=140982
05DD0014-7624-4A1E-93B5-EAC0006C9A6B,http://link.overdrive.com/?websiteID=37&titleID=140984
A3F7C3A4-75E8-4801-9ADD-DDE8970342A6,http://link.overdrive.com/?websiteID=37&titleID=140898
142141B2-944C-4060-B992-3F4169542975,http://link.overdrive.com/?websiteID=37&titleID=140991
46BEFA24-CE1A-4CCA-AB78-0C9CEE248C1A,http://link.overdrive.com/?websiteID=37&titleID=140995
E4913DCB-382C-4CBC-939C-1B8A7E14BFE4,http://link.overdrive.com/?websiteID=37&titleID=141002
236FF3C3-6506-433F-A312-993CAF411FD0,http://link.overdrive.com/?websiteID=37&titleID=141028
5A2C146B-F2F7-433B-86EF-F39D44EC9890,http://link.overdrive.com/?websiteID=37&titleID=141146
236DD02B-57E1-48EA-A756-BCF12DD1579A,http://link.overdrive.com/?websiteID=37&titleID=141011
4A93451A-7C2E-4CA7-9045-41654EB55C00,http://link.overdrive.com/?websiteID=37&titleID=141017
5AC381BF-FB21-4E63-82AA-FD77A1BFE724,http://link.overdrive.com/?websiteID=37&titleID=141018
93289CC2-46FA-4DFC-AFF4-5F08BFE11CCE,http://link.overdrive.com/?websiteID=37&titleID=141148
019CD868-3E67-4BE2-BBAD-9EE895EBE5C2,http://link.overdrive.com/?websiteID=37&titleID=141040
387640D0-AAFA-4C72-B43C-DB612F68D174,http://link.overdrive.com/?websiteID=37&titleID=141042
D2293173-6B75-4876-A8D8-C33266815F8E,http://link.overdrive.com/?websiteID=37&titleID=141050
C27C56E5-73D4-4831-9917-F775929CE1BD,http://link.overdrive.com/?websiteID=37&titleID=140899
DAD5AB63-93E9-439D-87ED-FCB35F3C7D17,http://link.overdrive.com/?websiteID=37&titleID=141052
39D8F2BC-6266-4EF9-BC3D-7840083EDC74,http://link.overdrive.com/?websiteID=37&titleID=140967
79BF0399-0D6B-4BF2-BD90-6D06F390A0DB,http://link.overdrive.com/?websiteID=37&titleID=141056
07E4552C-99F4-4341-A9AC-1056C24C6C4B,http://link.overdrive.com/?websiteID=37&titleID=141057
65FAF9FF-83DB-4B93-BE0B-E2C55D1A1EBF,http://link.overdrive.com/?websiteID=37&titleID=141059
1CB28D0C-520F-484B-BA9E-70DF5DF0BC1D,http://link.overdrive.com/?websiteID=37&titleID=141060
61DD06C6-1B67-4D03-91A4-5B3E0FDAD542,http://link.overdrive.com/?websiteID=37&titleID=141061
3B8CFBF5-3FC0-477E-813B-B759DBB578B8,http://link.overdrive.com/?websiteID=37&titleID=141064
0400F541-36A7-43F4-A42E-1EB4E194570F,http://link.overdrive.com/?websiteID=37&titleID=141065
10FF4B6D-A973-44F1-AB4A-C406CCA8BB2A,http://link.overdrive.com/?websiteID=37&titleID=141067
978CB980-03B4-4B38-AFCF-B13326E2D4AA,http://link.overdrive.com/?websiteID=37&titleID=141047
5946AA4F-B0C5-489E-940C-E07538D3DA21,http://link.overdrive.com/?websiteID=37&titleID=141073
E32F6670-F589-4946-96D0-7C8FB2C099A1,http://link.overdrive.com/?websiteID=37&titleID=141079
106F434D-0EAA-432E-A701-FCDE5C9811D1,http://link.overdrive.com/?websiteID=37&titleID=141029
451E4224-28C0-4DE1-9316-D53CF795B455,http://link.overdrive.com/?websiteID=37&titleID=141030
3208A23E-EC2D-417D-837D-C26279734DBD,http://link.overdrive.com/?websiteID=37&titleID=141088
2D79C7A5-D1BB-4273-B2EC-AB760970E3FE,http://link.overdrive.com/?websiteID=37&titleID=141092
3B1FB597-2827-46ED-8D85-689F402E2919,http://link.overdrive.com/?websiteID=37&titleID=141048
70E74C44-75DB-4700-B564-5350AFE59B2A,http://link.overdrive.com/?websiteID=37&titleID=141031
4802C088-E558-4781-8C38-70C0D946BF7E,http://link.overdrive.com/?websiteID=37&titleID=141096
16F91238-2409-4145-B3AF-2D81A5EBCEC2,http://link.overdrive.com/?websiteID=37&titleID=141097
6525905B-E690-43C7-B986-474AD1693E33,http://link.overdrive.com/?websiteID=37&titleID=140970
5C14225C-5102-452F-BF57-C5E23DB6BF43,http://link.overdrive.com/?websiteID=37&titleID=141033
79991A61-2B63-4BAF-8BD8-3E9A7DAA9608,http://link.overdrive.com/?websiteID=37&titleID=141104
10D60A4B-8230-4964-85C6-FDB9D8BC86BD,http://link.overdrive.com/?websiteID=37&titleID=141111
61BF71E0-E885-4C8E-873A-B12B474C0F9A,http://link.overdrive.com/?websiteID=37&titleID=141113
8FDC47B7-737E-4F35-8693-49844CBF1566,http://link.overdrive.com/?websiteID=37&titleID=141115
B3652696-3448-4800-ADF4-6120236F401A,http://link.overdrive.com/?websiteID=37&titleID=141116
D3C1E3E7-EB65-4E7F-A0BC-A488DC423193,http://link.overdrive.com/?websiteID=37&titleID=141118
B45517DA-9BE5-4005-815F-856897C785D8,http://link.overdrive.com/?websiteID=37&titleID=141121
F1EF3DAA-F1A8-49A9-99C6-BE6BFE45671A,http://link.overdrive.com/?websiteID=37&titleID=141034
36945FC4-FB3D-41F8-AC3C-4986A378DA08,http://link.overdrive.com/?websiteID=37&titleID=141135
710F051C-EB9B-42DD-9EA8-7164718208D6,http://link.overdrive.com/?websiteID=37&titleID=141136
205444E7-0D16-4678-9BEA-CEABDE5423ED,http://link.overdrive.com/?websiteID=37&titleID=141160
03E6E39F-9940-4DDF-9199-4A5C2FA14D5D,http://link.overdrive.com/?websiteID=37&titleID=141158
FFE7C630-BD03-46E1-A432-3142B69B3D1E,http://link.overdrive.com/?websiteID=37&titleID=141049
D193ECD8-C3F7-450C-A5B9-DE7B98BC6614,http://link.overdrive.com/?websiteID=37&titleID=141162
F8ADA36F-3EE5-4B1E-8F6F-BCC848CD1983,http://link.overdrive.com/?websiteID=37&titleID=141163
C336A137-DCCC-497E-A7D7-A8FC66433296,http://link.overdrive.com/?websiteID=37&titleID=141153
CE119B64-4743-4B61-A582-0B52EF3858DC,http://link.overdrive.com/?websiteID=37&titleID=141170
A07EDEBB-E850-4F74-B20C-3EF02BBDE6B7,http://link.overdrive.com/?websiteID=37&titleID=141171
0BF4DD80-D9D5-48FC-BF70-271A0058B8C8,http://link.overdrive.com/?websiteID=37&titleID=141172
5EB1B9C8-0133-47F5-B479-2B91CC23B590,http://link.overdrive.com/?websiteID=37&titleID=141177
56404A75-A861-4BAB-9980-7AFF828F504C,http://link.overdrive.com/?websiteID=37&titleID=141182
F7B1F35A-9050-4658-8506-AF2CBEE40033,http://link.overdrive.com/?websiteID=37&titleID=141183
0E85D3C3-944D-475F-8522-2DC5F868946E,http://link.overdrive.com/?websiteID=37&titleID=141184
B2AA40AC-23E0-4764-866B-5CF744D90E1F,http://link.overdrive.com/?websiteID=37&titleID=141185
D06C91B2-2CD8-44B7-8ADD-CAD3E3E93CDC,http://link.overdrive.com/?websiteID=37&titleID=141186
61E04C17-5D5E-4C9E-8498-72C331BF1BFF,http://link.overdrive.com/?websiteID=37&titleID=141154
681318FD-2FAB-4083-B23D-7A37F5629671,http://link.overdrive.com/?websiteID=37&titleID=148905
D1E22DC9-9984-469B-ADA7-C432D6B96584,http://link.overdrive.com/?websiteID=37&titleID=148914
EA399606-DB7F-4DC3-BF12-1B50A8AB70C3,http://link.overdrive.com/?websiteID=37&titleID=148916
F2A2B81E-F7BB-47D3-B975-302B7A0D9F33,http://link.overdrive.com/?websiteID=37&titleID=148924
0446F129-465C-49C0-885B-557D6E08DA0E,http://link.overdrive.com/?websiteID=37&titleID=148925
0025C407-5E83-47C4-A922-0C9C6E5F3D50,http://link.overdrive.com/?websiteID=37&titleID=148935
0E9C1539-ED36-42B7-AF43-4FC787DFDDEA,http://link.overdrive.com/?websiteID=37&titleID=148945
76225BB9-7DB6-4C30-AB8F-103DB05682CA,http://link.overdrive.com/?websiteID=37&titleID=148949
43E3C532-EAEB-44D4-B6C7-864173E7A7EF,http://link.overdrive.com/?websiteID=37&titleID=148950
6BB0272B-31A2-4F29-8EAE-FA24AD975A14,http://link.overdrive.com/?websiteID=37&titleID=148952
05D28953-F8D7-4823-A9AE-4E235768BC08,http://link.overdrive.com/?websiteID=37&titleID=148953
6F025A84-798D-4582-9E5D-0F024CA4D6EA,http://link.overdrive.com/?websiteID=37&titleID=148954
EC682024-B3E0-4408-8D91-AA00938DF6A6,http://link.overdrive.com/?websiteID=37&titleID=148955
75C9195A-23F7-4D4E-B4FD-306D32C74719,http://link.overdrive.com/?websiteID=37&titleID=148977
E469BC44-AD70-4A61-8982-418133EF63BB,http://link.overdrive.com/?websiteID=37&titleID=148978
84839951-8D8D-4176-B157-F88560E681B1,http://link.overdrive.com/?websiteID=37&titleID=148995
8FEF2524-DC9B-4FD6-82A8-35A4A0AA7DFF,http://link.overdrive.com/?websiteID=37&titleID=149474
0B9B6199-7683-4BC1-BC8D-6E42A3A1A66D,http://link.overdrive.com/?websiteID=37&titleID=149012
4BE96774-60A5-42FE-97D2-DC920F9D67FF,http://link.overdrive.com/?websiteID=37&titleID=149013
EFDF7ABD-2B67-48C0-9CD3-D6C5087C7B6C,http://link.overdrive.com/?websiteID=37&titleID=149017
